Name,Longitude,Latitude
5000002,09.10740,48.72546
5000005,09.11478,48.73189
5000006,09.11892,48.73340
5000008,09.12806,48.73743
5000013,09.14348,48.75665
5000015,09.15142,48.75978
5000025,09.18998,48.78605
5000026,09.19515,48.78910
5000027,09.20047,48.79217
5000028,09.20570,48.79702
5000030,09.21207,48.80017
5000032,09.22590,48.80499
5000033,09.23054,48.80593
5000034,09.23454,48.80661
5000035,09.24326,48.80843
5000036,09.25335,48.81008
5000037,09.26152,48.81168
5000038,09.26935,48.81206
5000039,09.27053,48.80883
5000043,09.13822,48.75354
5000055,09.16829,48.77746
5000076,09.20236,48.78919
5000077,09.20613,48.78904
5000078,09.21125,48.78498
5000079,09.21590,48.78383
5000080,09.22268,48.78239
5000081,09.22718,48.78143
5000082,09.23330,48.77809
5000083,09.23745,48.77572
5000084,09.24374,48.77608
5000086,09.25270,48.77840
5000087,09.25998,48.77439
5000089,09.26453,48.76779
5000090,09.26585,48.76573
5000094,09.14714,48.83740
5000095,09.14199,48.84046
5000096,09.14751,48.84198
5000097,09.15331,48.84331
5000100,09.15612,48.85015
5000102,09.15706,48.84673
5000103,09.15935,48.84250
5000104,09.16104,48.83825
5000105,09.16683,48.85095
5000106,09.16471,48.83258
5000107,09.17053,48.83227
5000108,09.17464,48.83081
5000109,09.18147,48.83590
5000110,09.17276,48.82298
5000111,09.17531,48.81969
5000112,09.17757,48.81584
5000114,09.16476,48.84971
5000115,09.18251,48.79786
5000123,09.19170,48.77564
5000124,09.19475,48.77346
5000125,09.19548,48.76950
5000126,09.20089,48.76647
5000129,09.20807,48.74768
5000130,09.18837,48.75144
5000136,09.23390,48.73810
5000137,09.23029,48.74358
5000141,09.07248,48.80113
5000142,09.07668,48.80221
5000143,09.08244,48.80238
5000144,09.08743,48.80269
5000145,09.09304,48.80269
5000146,09.10118,48.80426
5000147,09.10502,48.80730
5000148,09.10859,48.81079
5000149,09.06746,48.80097
5000150,09.11724,48.81411
5000151,09.12397,48.81464
5000152,09.13552,48.81217
5000153,09.14241,48.80978
5000154,09.15015,48.81017
5000156,09.16306,48.81024
5000158,09.17718,48.81104
5000159,09.18603,48.76981
5000161,09.18084,48.76376
5000162,09.18172,48.75955
5000163,09.17474,48.75485
5000164,09.17219,48.75223
5000165,09.17225,48.75506
5000170,09.13928,48.72775
5000174,09.14333,48.70375
5000175,09.14293,48.69637
5000183,09.13672,48.72189
5000190,09.25670,48.62777
5000211,09.13217,48.77943
5000212,09.13321,48.77716
5000215,09.13906,48.77478
5000216,09.14150,48.77232
5000217,09.14594,48.77471
5000218,09.15141,48.77491
5000222,09.21212,48.78895
5000225,09.24532,48.77167
5000226,09.24920,48.76672
5000227,09.25452,48.75985
5000229,09.17630,48.78013
5000254,09.20694,48.80276
5000262,09.19435,48.80703
5000263,09.20407,48.80803
5000264,09.23445,48.79963
5000265,09.24211,48.79317
5000267,09.24668,48.78755
5000268,09.24903,48.78398
5000271,09.22524,48.83958
5000272,09.22210,48.83635
5000274,09.21214,48.82968
5000275,09.21282,48.82560
5000276,09.22240,48.82410
5000277,09.22645,48.82082
5000278,09.22201,48.81658
5000279,09.21527,48.82243
5000280,09.21740,48.81391
5000281,09.21542,48.80960
5000288,09.20680,48.84111
5000289,09.20206,48.83764
5000296,09.19015,48.79805
5000297,09.18982,48.79316
5000298,09.18376,48.79372
5000303,09.18213,48.79399
5000306,09.20787,48.78106
5000309,09.11978,48.69440
5000310,09.12562,48.69235
5000316,09.14673,48.72818
5000318,09.14935,48.75806
5000319,09.09102,48.81586
5000320,09.08230,48.80854
5000321,09.22895,48.81250
5000322,09.22247,48.80919
5000323,09.21900,48.80531
5000341,09.17340,48.75178
5000342,09.17023,48.75731
5000343,09.16733,48.76003
5000344,09.16900,48.76256
5000350,09.12972,48.72686
5000353,09.15687,48.72420
5000354,09.15323,48.72872
5000355,09.12447,48.72707
5000356,09.11747,48.72896
5000360,09.16189,48.72165
5000361,09.15706,48.70966
5000363,09.17074,48.70732
5000364,09.15305,48.71041
5000370,09.15470,48.75987
5000371,09.16945,48.81192
5000372,09.20343,48.79427
5000373,09.21803,48.82314
5000374,09.15000,48.72788
5000375,09.21511,48.73716
5000376,09.15302,48.75955
5000501,09.12754,48.77838
5000502,09.12496,48.77825
5000503,09.12288,48.77557
5000504,09.12154,48.77674
5000505,09.11941,48.77560
5000506,09.12477,48.77916
5000507,09.12074,48.77926
5000508,09.11213,48.77838
5000509,09.12060,48.77878
5000510,09.11678,48.77781
5000511,09.12859,48.77910
5000512,09.12872,48.77838
5000513,09.12623,48.77777
5000514,09.12727,48.77748
5000515,09.12854,48.77633
5000516,09.12839,48.77596
5000518,09.12702,48.77563
5000519,09.12691,48.77505
5000520,09.12677,48.77416
5000522,09.12485,48.77298
5000523,09.12252,48.77428
5000524,09.12724,48.77592
5000525,09.12969,48.77675
5000526,09.13128,48.77772
5000527,09.12444,48.77952
5000528,09.12936,48.78103
5000529,09.13189,48.78119
5000530,09.12405,48.78094
5000531,09.11989,48.78036
5000532,09.11156,48.77933
5000533,09.12517,48.78239
5000534,09.12047,48.78182
5000535,09.11782,48.78206
5000536,09.12785,48.78343
5000538,09.12887,48.77513
5000539,09.13048,48.77433
5000540,09.12877,48.77299
5000541,09.12559,48.77043
5000542,09.13222,48.77441
5001003,09.02618,48.81501
5001200,09.19935,48.83626
5001300,09.24834,48.81525
5001301,08.90511,48.77160
5001302,08.95943,48.78995
5001303,08.87258,48.75527
5001400,09.13760,48.94797
5001402,09.17982,48.86194
5001403,09.15216,48.83375
5001500,09.24429,48.94378
5001503,09.19778,48.93008
5001504,09.21605,48.82059
5001601,09.41542,48.90336
5001602,09.32474,48.85932
5001603,09.35475,48.86835
5001604,09.23171,48.80386
5001701,09.35240,48.81196
5001702,09.43952,48.80525
5001703,09.41898,48.81046
5001704,09.50192,48.80031
5001705,09.48165,48.79844
5001800,09.38243,48.72031
5001801,09.27577,48.74709
5001802,09.32728,48.72984
5001803,09.35944,48.72425
5001905,09.21768,48.67637
5001910,09.12403,48.95524
5001995,09.21874,48.58780
5001997,09.22914,48.65849
5001998,09.20737,48.67866
5001999,09.21125,48.67776
5002000,09.24513,48.63080
5002001,09.24034,48.62335
5002003,09.23558,48.62469
5002006,09.21821,48.67655
5002007,09.24230,48.62428
5002008,09.21806,48.67836
5002009,09.22768,48.67777
5002012,09.21873,48.68115
5002015,09.23100,48.65022
5002016,09.20339,48.64809
5002017,09.20949,48.65072
5002018,09.22998,48.64301
5002019,09.21672,48.65532
5002020,09.22302,48.65315
5002021,09.22087,48.65955
5002022,09.21036,48.65498
5002023,09.24623,48.65130
5002024,09.24734,48.64809
5002025,09.18997,48.65790
5002026,09.20315,48.65443
5002027,09.19523,48.65604
5002028,09.19693,48.65394
5002029,09.18549,48.65984
5002030,09.24208,48.68066
5002031,09.23783,48.67606
5002032,09.25876,48.66514
5002033,09.24087,48.67115
5002035,09.23660,48.66918
5002036,09.23826,48.67412
5002037,09.21551,48.69924
5002038,09.17609,48.72158
5002039,09.21098,48.70111
5002040,09.21739,48.70368
5002041,09.19719,48.71613
5002042,09.22804,48.67102
5002044,09.21463,48.67821
5002045,09.23133,48.66913
5002046,09.22694,48.63838
5002047,09.19093,48.65488
5002049,09.21192,48.66957
5002050,09.15013,48.77002
5002051,09.19633,48.65842
5002052,09.22173,48.65654
5002053,09.16329,48.77196
5002054,09.17147,48.77201
5002055,09.19587,48.64907
5002056,09.18733,48.64742
5002057,09.19279,48.78496
5002058,09.19797,48.78580
5002059,09.20315,48.78560
5002061,09.17463,48.77359
5002062,09.22306,48.60459
5002063,09.19584,48.59506
5002064,09.19978,48.59797
5002065,09.21755,48.59016
5002066,09.22066,48.59085
5002067,09.18861,48.58760
5002068,09.18143,48.58706
5002069,09.14266,48.69462
5002070,09.22984,48.60683
5002071,09.21901,48.67342
5002072,09.19735,48.67799
5002074,09.18607,48.65869
5002075,09.37195,48.64524
5002076,09.21468,48.67348
5002077,09.21980,48.67883
5002078,09.21643,48.65408
5002079,09.21866,48.68440
5002080,09.24998,48.64706
5002081,09.25320,48.64664
5002082,09.21490,48.65254
5002084,09.20234,48.68107
5002085,09.24368,48.66898
5002086,09.25165,48.64424
5002087,09.22595,48.67718
5002088,09.22803,48.67555
5002089,09.20580,48.67997
5002090,09.20484,48.68123
5002091,09.22367,48.65069
5002092,09.21492,48.70230
5002093,09.21719,48.69694
5002094,09.20644,48.70139
5002095,09.21080,48.68285
5002096,09.14092,48.70230
5002097,09.14235,48.70491
5002098,09.12819,48.68441
5002099,09.13201,48.69299
5002100,09.11965,48.70624
5002101,09.16751,48.68303
5002102,09.17499,48.69102
5002103,09.19264,48.69033
5002105,09.12741,48.70516
5002106,09.11290,48.70573
5002107,09.11757,48.69980
5002108,09.12226,48.69199
5002109,09.11801,48.69386
5002110,09.11830,48.69728
5002111,09.16766,48.67437
5002112,09.16940,48.67227
5002114,09.17780,48.66578
5002115,09.17453,48.67010
5002118,09.09154,48.75600
5002121,09.17192,48.67107
5002122,09.16944,48.66682
5002123,09.16638,48.66949
5002124,09.17280,48.66232
5002125,09.10882,48.70924
5002127,09.13604,48.70237
5002129,09.13193,48.70280
5002130,09.17745,48.68750
5002131,09.21515,48.74315
5002132,09.16270,48.69606
5002135,09.25191,48.63309
5002136,09.17317,48.66564
5002138,09.11902,48.69230
5002141,09.16035,48.69412
5002142,09.15017,48.68441
5002143,09.23717,48.67533
5002144,09.23082,48.66942
5002186,09.20543,48.73240
5002187,09.21144,48.77163
5002188,09.20817,48.77088
5002189,09.20425,48.77171
5002190,09.15119,48.78776
5002191,09.15511,48.78827
5002192,09.15976,48.79039
5002193,09.16038,48.78773
5002194,09.16047,48.78663
5002195,09.16621,48.78541
5002196,09.17080,48.78230
5002198,09.18061,48.76953
5002199,09.17858,48.76665
5002200,09.20361,48.77500
5002201,09.20656,48.77800
5002202,09.20793,48.78185
5002203,09.17449,48.78317
5002204,09.15990,48.77979
5002205,09.15580,48.77845
5002206,09.08285,48.75608
5002207,09.15955,48.76839
5002208,09.16085,48.76578
5002209,09.12662,48.75815
5002210,08.99426,48.70575
5002211,09.02684,48.70706
5002212,09.00869,48.72544
5002213,09.00046,48.72054
5002214,09.03872,48.70566
5002216,09.00676,48.72237
5002218,09.00339,48.71653
5002220,09.00418,48.72697
5002221,08.99536,48.71007
5002222,08.99280,48.69926
5002223,09.06175,48.71967
5002224,08.99722,48.71357
5002225,09.03254,48.70706
5002226,08.99121,48.69714
5002227,09.01002,48.70867
5002228,08.99088,48.69668
5002229,08.99250,48.69883
5002230,08.99558,48.70314
5002231,08.99584,48.70344
5002233,08.99600,48.70201
5002234,08.98527,48.69480
5002235,09.17136,48.79940
5002236,09.17323,48.80100
5002237,08.98408,48.69514
5002241,09.17541,48.79922
5002242,09.17549,48.79665
5002243,09.17433,48.79385
5002244,09.17099,48.79109
5002245,09.17410,48.78998
5002246,09.17588,48.78837
5002247,09.17750,48.78826
5002248,09.14532,48.77157
5002250,09.20839,48.81351
5002251,09.20994,48.81146
5002252,09.21076,48.80775
5002257,09.21499,48.81962
5002258,09.21254,48.81605
5002259,09.21300,48.81874
5002260,09.21281,48.82052
5002261,09.14715,48.76937
5002262,09.15162,48.76846
5002263,09.15290,48.76974
5002264,09.16633,48.77046
5002265,09.13979,48.77450
5002270,09.09437,48.82217
5002300,09.07572,48.80251
5002301,09.06203,48.79287
5002302,09.04993,48.78873
5002303,09.06666,48.79331
5002304,09.04385,48.79340
5002305,09.06982,48.75707
5002306,09.06383,48.79112
5002307,09.06354,48.80284
5002308,09.04500,48.79057
5002309,09.02216,48.79583
5002310,09.20303,48.77758
5002311,09.19981,48.77915
5002312,09.07300,48.78874
5002313,09.06388,48.78743
5002314,09.06601,48.78917
5002315,09.06415,48.79943
5002316,09.08385,48.78694
5002317,09.05218,48.76498
5002318,09.05608,48.78729
5002319,09.02127,48.79814
5002320,09.02122,48.80393
5002321,09.02740,48.80232
5002322,08.99399,48.80030
5002323,08.99627,48.79824
5002324,09.04048,48.76863
5002325,09.03072,48.79801
5002326,09.02145,48.78987
5002327,09.00237,48.80151
5002328,09.01093,48.79599
5002329,09.01146,48.80038
5002331,09.23492,48.78882
5002332,09.22059,48.79872
5002333,09.00370,48.79760
5002334,09.03530,48.77208
5002335,09.03256,48.77705
5002336,09.03613,48.78740
5002338,09.03379,48.79059
5002339,09.02354,48.78700
5002340,09.01309,48.78804
5002341,09.00710,48.79170
5002342,09.09008,48.77835
5002343,09.22088,48.79619
5002344,09.12465,48.76440
5002345,09.01429,48.79813
5002346,09.10503,48.82498
5002347,09.10345,48.82690
5002348,09.10853,48.82546
5002349,09.01791,48.79998
5002350,09.10752,48.82727
5002351,09.04140,48.79035
5002352,09.01651,48.80199
5002353,09.01759,48.79041
5002355,09.01575,48.80030
5002356,09.02420,48.79596
5002357,09.09811,48.82562
5002358,09.21693,48.79863
5002359,09.01710,48.78376
5002370,09.25616,48.84165
5002371,09.25823,48.84282
5002372,09.26438,48.84361
5002373,09.26333,48.84269
5002374,09.26266,48.83956
5002375,09.26181,48.83714
5002376,09.26317,48.83378
5002377,09.26474,48.83402
5002378,09.26401,48.83211
5002379,09.26018,48.83143
5002380,09.24201,48.81869
5002381,09.26489,48.84237
5002382,09.24510,48.82069
5002401,09.14642,48.78379
5002402,09.14780,48.77967
5002403,09.15149,48.77940
5002404,09.15363,48.78129
5002405,09.20377,48.78075
5002406,09.20063,48.78014
5002407,09.14817,48.78292
5002408,09.14215,48.78142
5002409,09.16891,48.76825
5002410,09.16929,48.77030
5002411,09.17513,48.76463
5002413,09.17781,48.76262
5002414,09.17098,48.76403
5002415,09.11658,48.76528
5002416,09.11090,48.76598
5002417,09.12293,48.77202
5002418,09.12594,48.77368
5002419,09.12892,48.77996
5002420,09.13094,48.78213
5002421,09.13318,48.78661
5002422,09.15401,48.80180
5002423,09.15192,48.79893
5002424,09.15537,48.80461
5002425,09.11522,48.76761
5002426,09.12957,48.77921
5002427,09.14718,48.79436
5002428,09.19061,48.81817
5002429,09.13179,48.78430
5002430,09.21423,48.74422
5002431,09.21748,48.74681
5002432,09.21997,48.74791
5002433,09.21963,48.74988
5002434,09.21815,48.74839
5002435,09.21535,48.74637
5002436,09.21846,48.75079
5002437,09.21551,48.75183
5002438,09.22092,48.75103
5002439,09.21735,48.75274
5002440,09.19872,48.71429
5002450,09.12004,48.76985
5002451,09.13627,48.76499
5002452,09.13817,48.77900
5002453,09.15480,48.79203
5002454,09.16401,48.79695
5002455,09.17698,48.80740
5002459,09.15549,48.85261
5002460,09.14399,48.83469
5002461,09.14746,48.83689
5002463,09.15593,48.83317
5002464,09.15872,48.83301
5002465,09.15306,48.82941
5002467,09.17282,48.82573
5002469,09.18841,48.81612
5002470,09.19127,48.81742
5002471,09.19732,48.82419
5002472,09.19142,48.82775
5002473,09.20424,48.81820
5002474,09.19678,48.82978
5002475,09.18655,48.81502
5002476,09.18773,48.81594
5002477,09.18334,48.82022
5002480,09.22169,48.84444
5002481,09.21514,48.84333
5002482,09.21807,48.84258
5002483,09.23326,48.83061
5002484,09.23654,48.83218
5002487,09.24147,48.81417
5002488,09.23654,48.81855
5002490,09.23165,48.82822
5002491,09.23208,48.82585
5002492,09.23669,48.81888
5002493,09.20376,48.81364
5002494,09.20008,48.81047
5002496,09.28070,48.81843
5002497,09.28311,48.81704
5002498,09.28202,48.81376
5002499,09.28243,48.80938
5002500,09.28320,48.80541
5002501,09.27371,48.81559
5002502,09.27935,48.80522
5002503,09.27468,48.80288
5002504,09.27191,48.80142
5002505,09.26419,48.79661
5002506,09.26080,48.79225
5002507,09.25524,48.78699
5002508,09.25276,48.77922
5002509,09.25496,48.78111
5002510,09.27065,48.78333
5002511,09.26761,48.78701
5002512,09.25478,48.78198
5002513,09.25940,48.78475
5002515,09.28075,48.80291
5002516,09.27993,48.80910
5002517,09.28036,48.80984
5002519,09.26289,48.77009
5002520,09.24678,48.75735
5002521,09.23710,48.75847
5002522,09.23164,48.75686
5002523,09.22195,48.75587
5002524,09.21729,48.75665
5002525,09.22615,48.75610
5002526,09.24180,48.75190
5002527,09.25513,48.77815
5002528,09.27308,48.78693
5002529,09.27054,48.76325
5002530,09.27915,48.77576
5002531,09.27743,48.77371
5002532,09.27409,48.77085
5002533,09.27119,48.76679
5002534,09.26080,48.76207
5002535,09.25241,48.75758
5002536,09.24280,48.75402
5002537,09.24057,48.74938
5002538,09.23759,48.74638
5002539,09.23192,48.74631
5002540,09.22586,48.76117
5002541,09.21955,48.76143
5002542,09.21490,48.76127
5002543,09.26838,48.76254
5002545,09.21153,48.72692
5002546,09.21441,48.73898
5002547,09.21313,48.73493
5002548,09.21027,48.73320
5002553,09.20561,48.70330
5002554,09.20483,48.70721
5002555,09.20942,48.71191
5002556,09.20607,48.71424
5002557,09.20802,48.71927
5002558,09.20764,48.72327
5002559,09.20244,48.72599
5002560,09.20496,48.72755
5002561,09.20882,48.72766
5002562,09.20749,48.73268
5002563,09.19991,48.74459
5002564,09.18836,48.75627
5002565,09.18130,48.75337
5002566,09.16980,48.74453
5002567,09.16962,48.74611
5002568,09.17649,48.73668
5002569,09.18162,48.73433
5002572,09.18584,48.72639
5002573,09.19241,48.72617
5002574,09.20486,48.72973
5002575,09.20265,48.73299
5002576,09.20358,48.72395
5002578,09.12595,48.74475
5002579,09.08355,48.74963
5002580,09.10540,48.73951
5002581,09.15206,48.71267
5002582,09.12289,48.72398
5002583,09.14687,48.72666
5002584,09.16026,48.71206
5002585,09.14631,48.72359
5002586,09.16759,48.71169
5002589,09.08427,48.74695
5002590,09.08031,48.74981
5002591,09.09279,48.73872
5002592,09.09746,48.73674
5002593,09.09765,48.73106
5002594,09.16370,48.74661
5002595,09.10932,48.73138
5002596,09.08371,48.75175
5002598,09.12060,48.77878
5002599,09.12071,48.72203
5002600,09.12723,48.72059
5002601,09.12906,48.72276
5002602,09.10733,48.73572
5002603,09.10382,48.74284
5002604,09.11336,48.74594
5002605,09.12100,48.74776
5002609,09.12092,48.74664
5002610,09.09703,48.71949
5002611,09.09773,48.71691
5002612,09.11199,48.71876
5002613,09.11785,48.71823
5002614,09.12219,48.71662
5002615,09.09147,48.72074
5002616,09.09186,48.71840
5002617,09.10150,48.82404
5002619,09.08213,48.81462
5002620,09.08610,48.81458
5002621,09.09702,48.81806
5002623,09.10643,48.81997
5002624,09.09655,48.82192
5002626,09.12632,48.82979
5002627,09.11984,48.82989
5002628,09.12434,48.82631
5002629,09.11619,48.81822
5002630,09.12109,48.82306
5002631,09.12131,48.82764
5002632,09.11668,48.82977
5002635,09.08642,48.81673
5002636,09.13428,48.83049
5002637,09.09008,48.81649
5002638,09.13055,48.84873
5002639,09.27749,48.81840
5002640,09.27288,48.81780
5002641,09.26357,48.81593
5002642,09.26289,48.81672
5002643,09.26031,48.81411
5002644,09.26913,48.80458
5002645,09.26879,48.80234
5002646,09.26966,48.81643
5002647,09.27007,48.81476
5002648,09.28510,48.80541
5002653,09.08608,48.80715
5002700,09.12980,48.72170
5002701,09.10759,48.73352
5002800,09.30891,48.73794
5002801,09.30105,48.73522
5002802,09.28610,48.72722
5002803,09.30026,48.72882
5002804,09.29309,48.73050
5002805,09.30207,48.72442
5002806,09.30540,48.73774
5002808,09.28958,48.65791
5002810,09.34007,48.60305
5002811,09.33727,48.60084
5002813,09.33434,48.62812
5002814,09.45975,48.64532
5002815,09.13183,48.62888
5002816,09.43111,48.71002
5002817,09.51594,48.61740
5002819,09.37053,48.58023
5002820,09.32694,48.55007
5002821,09.33761,48.55825
5002822,09.35722,48.59524
5002824,09.35962,48.59003
5002895,09.26414,48.68399
5002896,09.27838,48.67499
5002897,09.27492,48.68064
5002898,09.27817,48.68154
5002899,09.25195,48.70687
5002900,09.24909,48.70717
5002901,09.27786,48.68453
5002902,09.27853,48.67699
5002903,09.27882,48.68692
5002904,09.26881,48.68422
5002905,09.25429,48.68325
5002906,09.27852,48.68319
5002907,09.27567,48.67935
5002908,09.27950,48.68922
5002909,09.27364,48.68276
5002910,09.29932,48.71425
5002911,09.26843,48.72665
5002912,09.29446,48.71325
5002913,09.25309,48.74152
5002914,09.25425,48.72531
5002915,09.25865,48.70930
5002916,09.25422,48.70645
5002917,09.26355,48.70806
5002918,09.28581,48.65703
5002919,09.28807,48.65333
5002920,09.29254,48.65216
5002921,09.30114,48.64875
5002922,09.27518,48.69072
5002923,09.30810,48.64422
5002924,09.31880,48.63885
5002925,09.32523,48.63826
5002926,09.32661,48.63517
5002927,09.33215,48.62784
5002929,09.34464,48.61883
5002931,09.34271,48.62809
5002932,09.25278,48.72935
5002933,09.25417,48.73525
5002935,09.27241,48.72640
5002936,09.27814,48.72556
5002937,09.30064,48.71903
5002939,09.26771,48.69111
5002940,09.34379,48.60594
5002941,09.33776,48.63863
5002948,09.32687,48.64027
5002949,09.30544,48.64297
5002950,09.30120,48.64102
5002951,09.30376,48.63942
5002952,09.31304,48.63938
5002953,09.33502,48.62492
5002956,09.34935,48.62311
5002961,09.24414,48.62779
5002962,09.20239,48.62705
5002963,09.33533,48.61377
5002965,09.34169,48.60446
5002967,09.30063,48.71716
5002968,09.25388,48.73098
5002969,09.26224,48.72623
5002970,09.27176,48.72463
5002971,09.27223,48.72034
5002972,09.27325,48.71506
5002973,09.28987,48.71532
5002974,09.29607,48.71597
5002976,09.22110,48.70504
5002980,09.40771,48.56882
5002981,09.30089,48.71370
5002982,09.30040,48.71952
5002983,09.32883,48.61144
5002984,09.33784,48.62082
5002985,09.34602,48.62464
5002986,09.35657,48.62261
5002987,09.35862,48.62417
5002988,09.34204,48.62751
5002989,09.35099,48.62565
5003000,09.06307,48.82649
5003001,09.06893,48.83078
5003002,09.04231,48.83541
5003003,09.03909,48.83713
5003004,09.03552,48.83771
5003005,09.03081,48.84418
5003006,09.02939,48.84580
5003007,09.02828,48.84844
5003008,09.02755,48.84495
5003009,09.06591,48.82682
5003010,09.06996,48.82805
5003011,09.07246,48.83382
5003012,09.06964,48.83373
5003014,09.07415,48.83043
5003015,09.07670,48.82899
5003016,09.07741,48.82650
5003017,09.07773,48.82517
5003019,09.06527,48.83422
5003020,09.06470,48.83246
5003021,09.06536,48.83001
5003027,09.01672,48.69449
5003028,09.05788,48.82896
5003029,09.07144,48.83076
5003030,09.07493,48.82400
5003031,09.00772,48.84242
5003032,09.07857,48.81932
5003033,09.07224,48.82257
5003034,09.06331,48.82435
5003035,09.06095,48.81695
5003050,09.22628,48.72394
5003051,09.22526,48.72309
5003052,09.22382,48.72346
5003101,09.01286,48.68673
5003102,09.02855,48.69406
5003103,09.00540,48.68583
5003104,09.01541,48.68563
5003105,09.01010,48.68493
5003106,08.99731,48.68140
5003107,09.02371,48.69251
5003108,09.06090,48.62777
5003109,09.03741,48.68520
5003110,09.02003,48.69078
5003112,09.00903,48.68779
5003113,09.16076,48.68335
5003118,09.14802,48.63615
5003119,09.12994,48.63820
5003120,09.15408,48.63058
5003122,09.14034,48.63936
5003123,09.13919,48.64339
5003125,09.01469,48.68315
5003126,09.00812,48.68377
5003127,09.01975,48.67900
5003128,09.01106,48.67735
5003129,09.13374,48.63783
5003130,09.13876,48.64465
5003131,09.14299,48.65220
5003132,08.82243,48.55564
5003133,09.06964,48.66838
5003134,09.07032,48.66835
5003135,09.02733,48.69538
5003136,09.00362,48.66827
5003137,09.02116,48.67662
5003138,09.02038,48.68653
5003139,09.00503,48.66864
5003140,08.97326,48.67703
5003141,08.99667,48.68785
5003142,09.03420,48.68161
5003143,09.06018,48.62274
5003144,09.05979,48.62471
5003193,08.93458,48.76972
5003194,08.94292,48.77564
5003195,08.93195,48.76248
5003196,08.96527,48.73624
5003197,08.97934,48.72739
5003198,08.96972,48.72201
5003200,09.00017,48.70625
5003201,08.99934,48.70377
5003202,08.98466,48.70149
5003204,09.00796,48.69644
5003205,09.00767,48.70242
5003206,09.00859,48.69713
5003207,08.98499,48.72864
5003208,08.96383,48.71903
5003209,08.96484,48.72289
5003210,08.97327,48.72659
5003211,08.98890,48.73132
5003212,09.01979,48.69647
5003214,09.06530,48.67015
5003216,09.06137,48.65515
5003217,09.06496,48.65571
5003218,08.94509,48.65417
5003219,08.88808,48.57716
5003220,09.01377,48.63414
5003221,09.14854,48.63627
5003222,09.00937,48.64726
5003223,08.89313,48.57809
5003224,08.97873,48.68736
5003225,08.87214,48.59418
5003228,09.01293,48.64330
5003229,08.98669,48.70851
5003230,08.99816,48.70716
5003231,08.88365,48.57670
5003232,08.94837,48.69184
5003233,08.87612,48.59019
5003234,08.89234,48.58026
5003235,08.86140,48.59440
5003236,09.01430,48.69884
5003237,08.86089,48.59283
5003238,08.92995,48.65283
5003239,09.02197,48.71042
5003296,08.96586,48.74263
5003297,08.97528,48.74554
5003298,08.96248,48.74084
5003300,08.95685,48.74698
5003301,08.97665,48.73869
5003302,08.97037,48.74062
5003303,08.96394,48.74250
5003304,08.95416,48.74557
5003306,09.09023,48.90492
5003307,09.07389,48.90647
5003308,09.16917,48.74004
5003309,09.16908,48.73780
5003310,09.07739,48.91058
5003311,09.07879,48.90562
5003312,09.11275,48.90635
5003313,09.08592,48.90508
5003314,09.08410,48.90190
5003315,09.09351,48.89858
5003316,09.08759,48.90012
5003317,09.08397,48.90551
5003318,08.93623,48.76660
5003319,08.93643,48.76404
5003320,08.94094,48.77115
5003322,09.07023,48.87716
5003323,09.08158,48.88077
5003324,09.07987,48.88252
5003325,09.07048,48.90559
5003326,09.32624,48.72990
5003327,09.07537,48.87649
5003328,09.07915,48.87785
5003329,09.10683,48.90688
5003332,09.07698,48.87612
5003333,09.11886,48.95608
5003334,08.98968,48.85093
5003335,09.31209,49.00990
5003336,09.32312,49.00934
5003338,09.31771,49.02627
5003342,09.14237,48.94836
5003343,09.14717,48.94816
5003344,09.14781,48.95170
5003346,09.00010,49.01598
5003347,09.34097,49.03538
5003348,09.08342,48.87041
5003349,09.08392,48.88428
5003352,08.97150,48.95108
5003353,08.96667,48.95255
5003355,09.33520,49.01085
5003356,09.31762,49.03126
5003383,09.15283,48.94613
5003384,09.14863,48.94743
5003385,09.14628,48.94662
5003386,09.10218,48.94349
5003387,09.13313,48.94036
5003388,09.12400,48.93993
5003389,09.18455,48.94067
5003390,09.12383,48.95726
5003393,09.13038,48.94477
5003394,09.12831,48.93925
5003395,09.13729,48.94132
5003397,09.13408,48.94449
5003398,09.13788,48.94555
5003399,09.13610,48.94012
5003400,09.13302,48.89957
5003401,09.14664,48.95668
5003402,09.13062,48.90336
5003404,09.14759,48.89926
5003405,09.13005,48.90584
5003406,09.14032,48.90631
5003407,09.15162,48.90793
5003408,09.18831,48.89578
5003409,09.17642,48.90410
5003410,09.15339,48.89207
5003411,09.17186,48.89437
5003412,09.18731,48.90257
5003413,09.18689,48.85390
5003414,09.18239,48.85371
5003415,09.17889,48.89921
5003416,09.18380,48.89596
5003417,09.17193,48.91899
5003418,09.21990,48.90761
5003419,09.19157,48.89617
5003420,09.18722,48.88725
5003421,09.17350,48.90343
5003422,09.16985,48.90564
5003423,09.17255,48.90826
5003424,09.18844,48.85759
5003425,09.20305,48.90858
5003426,09.22259,48.90980
5003428,09.21887,48.91614
5003429,09.16005,48.88590
5003430,09.13900,48.86781
5003431,09.13426,48.89284
5003432,09.12597,48.88950
5003433,09.14238,48.88976
5003434,09.13961,48.88741
5003435,09.12921,48.88820
5003436,09.12944,48.89274
5003437,09.14014,48.89145
5003438,09.13498,48.89159
5003439,09.13104,48.88831
5003440,09.12144,48.88921
5003442,09.12865,48.88658
5003443,09.12178,48.88638
5003444,09.13489,48.88835
5003446,09.14590,48.92560
5003447,09.01885,48.99988
5003448,09.15042,48.92104
5003449,09.11883,48.92556
5003451,09.13578,48.92153
5003452,09.13853,48.92810
5003453,09.14047,48.92485
5003454,09.17229,48.88478
5003456,09.15717,48.90828
5003459,09.33818,48.73453
5003460,09.14968,48.92498
5003461,09.22130,48.91729
5003462,09.19271,48.89079
5003464,09.21178,48.88243
5003465,09.12635,48.88780
5003466,09.20829,48.88841
5003467,09.15520,48.91960
5003468,09.15721,48.99662
5003469,09.16020,48.99653
5003470,09.20466,48.96118
5003471,09.38841,48.92547
5003472,09.20275,48.91202
5003501,09.13340,48.99558
5003502,09.20625,49.01674
5003503,09.00157,49.00920
5003504,09.26827,48.97334
5003505,09.12681,48.99284
5003506,09.12988,48.99388
5003507,09.37547,48.92349
5003508,09.36462,48.93049
5003509,09.37267,48.92724
5003510,09.15101,48.99569
5003511,09.40496,48.93513
5003513,09.39126,48.92750
5003514,09.29942,48.94822
5003515,09.29626,48.94074
5003516,09.29813,48.93719
5003517,09.29220,48.94181
5003518,09.39549,48.93068
5003519,09.20443,48.93793
5003521,09.19298,48.93450
5003522,09.18455,48.94067
5003523,09.18742,48.93679
5003524,09.19226,48.92830
5003525,09.20005,48.92538
5003526,09.33094,48.94164
5003527,09.34070,48.94280
5003528,09.34861,48.94421
5003529,09.32715,48.93567
5003530,09.34179,48.93935
5003531,09.23936,48.92656
5003532,09.27328,48.94184
5003533,09.25992,48.94172
5003536,09.14692,48.99679
5003537,09.25863,48.93846
5003539,09.25873,48.92648
5003540,09.25357,48.92890
5003541,09.25685,48.92600
5003544,09.25179,48.93309
5003545,09.36508,48.93254
5003546,09.35622,48.95640
5003547,09.36754,48.95531
5003548,09.36431,48.95522
5003549,09.26273,48.93432
5003550,09.25783,48.93336
5003551,09.29817,48.94617
5003553,09.28807,48.99858
5003559,09.18026,48.93527
5003560,09.20361,48.93550
5003561,09.13758,48.99577
5003562,09.07284,48.96928
5003563,09.29710,48.93849
5003564,09.18824,48.99590
5003565,09.19863,48.95676
5003567,09.01438,49.00129
5003568,09.09084,48.85210
5003570,09.24907,48.85708
5003571,09.25385,48.86222
5003572,09.25826,48.86697
5003573,09.27091,48.87364
5003574,09.22278,48.87570
5003576,09.22378,48.86791
5003577,09.29285,49.00261
5003578,09.28997,49.00389
5003579,09.04074,48.86799
5003581,09.07800,48.90762
5003582,09.20035,48.95944
5003585,09.24912,48.86746
5003586,09.24957,48.87026
5003587,09.25464,48.87036
5003588,09.14167,49.00217
5003590,08.93941,48.99344
5003591,09.24628,48.98250
5003592,09.24826,48.98206
5003593,09.10776,49.03939
5003594,09.26025,48.93145
5003595,09.26124,48.93408
5003596,09.26049,48.93629
5003597,09.23808,48.98009
5003599,09.32172,48.92289
5003600,09.34336,48.92331
5003601,09.32739,48.92268
5003602,09.32343,48.92373
5003603,09.35337,48.92187
5003604,09.41941,48.94744
5003605,09.43377,48.94880
5003606,09.43666,48.94249
5003607,09.43828,48.94191
5003608,09.43103,48.94531
5003609,09.43022,48.94138
5003610,09.43158,48.91562
5003611,09.43758,48.93872
5003613,09.43082,48.95444
5003614,09.42972,48.91514
5003615,09.43305,48.91650
5003616,09.43788,48.91672
5003617,09.37560,48.91941
5003619,09.27899,48.81517
5003622,09.42235,48.89050
5003623,09.38052,48.91243
5003624,09.37207,48.90174
5003626,09.30030,48.81923
5003627,09.32249,48.83181
5003628,09.30726,48.82602
5003629,09.32328,48.82705
5003632,09.29849,48.82231
5003634,09.40108,48.87927
5003636,09.39808,48.87992
5003637,09.39591,48.87718
5003639,09.44136,48.93053
5003640,09.31043,48.82418
5003642,09.39568,48.86479
5003644,09.32498,48.84056
5003645,09.32402,48.83968
5003646,09.31943,48.83349
5003647,09.31351,48.83305
5003648,09.31283,48.83527
5003650,09.30351,48.83235
5003651,09.30545,48.83546
5003652,09.31038,48.83383
5003654,09.31725,48.83561
5003655,09.31979,48.82873
5003656,09.32955,48.83337
5003657,09.42393,48.95764
5003658,09.42464,48.95482
5003659,09.41951,48.95450
5003660,09.43853,48.94841
5003661,09.43088,48.94813
5003662,09.42937,48.93892
5003663,09.42868,48.93513
5003664,09.42695,48.92763
5003665,09.42825,48.91644
5003666,09.43190,48.94406
5003667,09.42616,48.94344
5003668,09.43974,48.94559
5003669,09.42669,48.92315
5003670,09.44404,48.92174
5003672,09.36095,48.99091
5003673,09.39611,48.96859
5003674,09.38958,48.97062
5003675,09.45095,48.95131
5003680,09.43856,48.95970
5003682,09.13804,49.04319
5003683,09.36669,48.83652
5003684,09.33619,48.83945
5003685,09.33994,48.83810
5003686,09.32393,48.82180
5003687,09.30479,48.82945
5003688,09.34091,48.83754
5003689,09.36766,48.83752
5003690,09.31022,48.83522
5003691,09.31476,48.82948
5003692,09.32759,48.84085
5003693,09.32646,48.83919
5003696,09.39024,48.87382
5003698,09.30774,48.83184
5003699,09.31483,48.82779
5003701,09.47081,48.80829
5003702,09.43694,48.81178
5003703,09.44225,48.81021
5003704,09.41986,48.81635
5003706,09.45626,48.80929
5003707,09.45092,48.80905
5003708,09.53200,48.81535
5003710,09.50103,48.79748
5003711,09.38568,48.81036
5003712,09.39150,48.81704
5003713,09.48205,48.79932
5003714,09.47918,48.80400
5003715,09.40948,48.81750
5003716,09.52524,48.80423
5003719,09.56780,48.91670
5003720,09.32182,48.83935
5003721,09.31877,48.83999
5003722,09.31735,48.83826
5003723,09.31967,48.83599
5003724,09.32020,48.83595
5003725,09.32332,48.83767
5003726,09.27810,48.80669
5003728,09.44356,48.93600
5003729,09.57545,48.92006
5003730,09.45635,49.06519
5003731,09.44321,48.95451
5003743,09.32060,48.80538
5003745,09.41855,48.81397
5003746,09.44069,48.80793
5003747,09.43374,48.80393
5003748,09.43909,48.80520
5003749,09.41941,48.81829
5003752,09.42596,48.81490
5003753,09.43292,48.81315
5003754,09.49623,48.79814
5003800,09.38014,48.72806
5003801,09.38631,48.72745
5003802,09.38666,48.72335
5003803,09.37890,48.72266
5003804,09.38684,48.72039
5003805,09.31634,48.73656
5003806,09.44899,48.73844
5003807,09.35065,48.72623
5003810,09.32877,48.73147
5003812,09.47872,48.73726
5003816,09.38860,48.72521
5003817,09.37863,48.72447
5003818,09.38277,48.72172
5003819,09.22855,48.58508
5003820,09.33120,48.56168
5003821,09.33199,48.55733
5003822,09.53110,48.54991
5003823,09.52088,48.56722
5003824,09.52615,48.56355
5003893,09.53264,48.62020
5003894,09.53756,48.61618
5003895,09.53233,48.61390
5003896,09.53601,48.61477
5003897,09.52624,48.62574
5003898,09.37332,48.72485
5003899,09.51771,48.62043
5003900,09.51658,48.61488
5003901,09.46816,48.71356
5003903,09.47695,48.70910
5003904,09.47589,48.71258
5003905,09.45986,48.70969
5003912,09.32634,48.75285
5003920,09.29769,48.72546
5003932,09.52706,48.52954
5003933,09.41307,48.57279
5003937,09.27120,48.61061
5003938,09.27820,48.61133
5003939,09.41152,48.57354
5003940,09.42968,48.71801
5003941,09.46359,48.70657
5003943,09.41805,48.64538
5003944,09.42513,48.64735
5003945,09.43044,48.64956
5003952,09.46405,48.63761
5003953,09.46994,48.63537
5003954,09.47268,48.63812
5003955,09.47432,48.64106
5003956,09.47268,48.63812
5003958,09.45207,48.64169
5003959,09.42860,48.65925
5003960,09.44891,48.64472
5003995,09.25874,48.75521
5003996,09.26924,48.75619
5003997,09.26592,48.76189
5003998,09.32284,48.74425
5003999,09.31876,48.74539
5004000,09.31415,48.74737
5004001,09.34041,48.73647
5004002,09.33711,48.73233
5004003,09.35879,48.74335
5004004,09.32724,48.73483
5004005,09.32162,48.73539
5004006,09.31125,48.73701
5004007,09.30221,48.74165
5004008,09.29644,48.74251
5004009,09.28967,48.74209
5004010,09.28052,48.74321
5004011,09.27958,48.74543
5004012,09.27516,48.75205
5004013,09.27378,48.75629
5004015,09.27382,48.73982
5004016,09.27056,48.73912
5004017,09.27002,48.74181
5004020,09.35942,48.72850
5004021,09.35882,48.73037
5004022,09.31075,48.73928
5004023,09.32522,48.73342
5004024,09.33986,48.72870
5004026,09.33719,48.72957
5004027,09.33472,48.72914
5004028,09.32671,48.74098
5004029,09.33186,48.73290
5004031,09.32053,48.73923
5004032,09.31663,48.74061
5004033,09.31274,48.74254
5004034,09.30668,48.74340
5004035,09.30063,48.73554
5004036,09.29534,48.73623
5004037,09.28929,48.73561
5004038,09.29498,48.73480
5004039,09.31658,48.71902
5004040,09.31270,48.73616
5004041,09.31538,48.73211
5004042,09.33414,48.72724
5004043,09.34084,48.72571
5004044,09.34485,48.72168
5004045,09.34952,48.72085
5004047,09.35235,48.72357
5004050,09.34041,48.71784
5004051,09.33349,48.71994
5004052,09.32993,48.72197
5004053,08.88956,48.72529
5004054,09.37814,48.71460
5004055,09.37902,48.70966
5004057,09.38352,48.71353
5004058,09.38865,48.71236
5004060,09.40016,48.71349
5004062,09.32746,48.74100
5004063,09.32084,48.74117
5004064,09.27852,48.73907
5004065,09.26749,48.74086
5004066,09.26095,48.76088
5004067,09.26555,48.75447
5004068,09.25649,48.75729
5004069,09.33011,48.73065
5004070,09.35456,48.73599
5004071,09.37696,48.74063
5004072,09.38919,48.73760
5004073,09.32883,48.73626
5004074,09.41255,48.74009
5004075,09.44626,48.74408
5004076,09.44118,48.74732
5004077,09.45133,48.75826
5004078,09.45628,48.76075
5004079,09.45648,48.76298
5004080,09.46150,48.77770
5004081,09.44836,48.78470
5004082,09.46600,48.79072
5004083,09.47921,48.79812
5004084,09.34471,48.72444
5004086,09.36894,48.68195
5004088,09.36329,48.68516
5004089,09.35995,48.68287
5004090,09.35895,48.67897
5004091,09.36318,48.67773
5004092,09.36800,48.68102
5004093,09.35310,48.65334
5004094,09.31643,48.74212
5004095,09.31365,48.73992
5004097,09.33017,48.74669
5004098,09.32859,48.74394
5004099,09.33496,48.74419
5004100,09.34006,48.74325
5004101,09.34241,48.74413
5004102,09.34001,48.74579
5004103,09.33901,48.74835
5004104,09.34201,48.74918
5004105,09.34994,48.75236
5004106,09.34325,48.75559
5004107,09.33767,48.75958
5004108,09.30505,48.74329
5004109,09.30560,48.74805
5004110,09.30388,48.75188
5004111,09.30091,48.75836
5004112,09.29860,48.75631
5004113,09.29618,48.75856
5004114,09.29114,48.76180
5004115,09.28814,48.76461
5004116,09.28260,48.76438
5004118,09.29464,48.75556
5004119,09.28892,48.75192
5004120,09.29065,48.74924
5004121,09.29281,48.74750
5004122,09.31947,48.74236
5004123,09.31167,48.74662
5004124,09.31286,48.75046
5004125,09.31650,48.75216
5004126,09.31817,48.75366
5004127,09.31709,48.75705
5004128,09.31720,48.75966
5004129,09.31607,48.76279
5004130,09.32579,48.74385
5004131,09.32420,48.74626
5004132,09.32115,48.74959
5004133,09.31202,48.75442
5004134,09.30891,48.75550
5004135,09.30497,48.75619
5004136,09.32189,48.75016
5004137,09.32208,48.75310
5004139,09.33020,48.75432
5004140,09.33227,48.75525
5004141,09.33470,48.75590
5004143,09.32071,48.72884
5004144,09.31771,48.72177
5004145,09.03851,48.61865
5004146,09.30829,48.71957
5004147,09.31658,48.71902
5004148,09.31865,48.71830
5004149,09.32184,48.71566
5004151,09.32684,48.71754
5004152,09.32244,48.71944
5004153,09.47191,48.65464
5004154,09.38480,48.74551
5004155,09.39085,48.74680
5004156,09.38007,48.75857
5004157,09.38640,48.76007
5004158,09.37375,48.75846
5004159,09.37350,48.75929
5004160,09.36348,48.76786
5004161,09.35543,48.77055
5004162,09.38329,48.76014
5004163,09.38869,48.76144
5004164,09.39682,48.76215
5004165,09.39175,48.77722
5004166,09.39172,48.77889
5004167,09.39139,48.78103
5004168,09.33345,48.72820
5004169,09.36062,48.72255
5004170,09.35826,48.72272
5004171,09.32358,48.76788
5004172,09.33701,48.78494
5004173,09.36514,48.72457
5004174,09.29942,48.72845
5004175,09.29383,48.72687
5004176,09.29448,48.72546
5004177,09.30400,48.72821
5004178,09.30090,48.72491
5004179,09.30550,48.72706
5004180,09.30270,48.72454
5004181,08.85502,48.67814
5004185,09.03029,48.61748
5004186,08.99915,48.73467
5004188,09.01987,48.73394
5004189,08.85296,48.68197
5004190,08.84842,48.68308
5004191,09.28339,48.67427
5004192,09.04344,48.62008
5004193,09.00685,48.63783
5004194,08.89059,48.71616
5004195,08.94093,48.69760
5004197,09.34066,48.73127
5004200,09.33232,48.73009
5004201,09.33276,48.73011
5004202,09.29381,48.75976
5004203,09.33955,48.74126
5004204,09.34175,48.74335
5004205,09.00968,48.69196
5004206,09.00613,48.63596
5004207,08.98187,48.69610
5004208,09.01224,48.64574
5004210,09.01175,48.63951
5004211,09.44387,48.64416
5004212,09.37169,48.74266
5004213,09.44931,48.64858
5004214,09.49110,48.60028
5004215,09.45760,48.65981
5004216,09.45781,48.66995
5004217,09.45912,48.67059
5004218,09.46389,48.67208
5004219,09.45730,48.67069
5004220,09.46481,48.69599
5004221,09.46811,48.69361
5004222,09.46228,48.69276
5004223,09.45522,48.70638
5004224,09.46471,48.70800
5004225,09.42453,48.70598
5004226,09.41502,48.71129
5004227,09.41443,48.71061
5004228,09.42174,48.68865
5004229,09.41813,48.70961
5004230,09.42328,48.70960
5004231,09.42697,48.70864
5004232,09.43312,48.70788
5004233,09.43117,48.71549
5004234,09.46216,48.70914
5004235,09.45782,48.71074
5004236,09.45174,48.71034
5004237,09.44777,48.71070
5004238,09.44367,48.71340
5004240,09.47528,48.71527
5004241,09.41376,48.69414
5004242,09.41475,48.69329
5004244,09.41771,48.68559
5004245,09.41854,48.68420
5004246,09.42269,48.68505
5004247,09.42338,48.68246
5004248,09.42117,48.68185
5004249,09.42614,48.68187
5004251,09.42314,48.69439
5004254,09.41571,48.69264
5004255,09.40560,48.71938
5004257,09.37381,48.67357
5004258,09.37836,48.67179
5004263,09.41920,48.66159
5004264,09.45321,48.61864
5004265,09.44148,48.65094
5004266,09.44601,48.64924
5004267,09.45120,48.64607
5004268,09.45363,48.64018
5004269,09.45938,48.64330
5004270,09.45270,48.63403
5004271,09.45530,48.62015
5004272,09.45397,48.62513
5004273,09.45352,48.61950
5004274,09.45235,48.61647
5004275,09.45178,48.61383
5004276,09.45528,48.61543
5004277,09.46327,48.61423
5004278,09.45158,48.61093
5004279,09.44899,48.59076
5004280,09.45108,48.58558
5004281,09.45242,48.58226
5004282,09.45609,48.57357
5004283,09.46061,48.56433
5004284,09.46298,48.56174
5004286,09.34513,48.71689
5004287,09.36644,48.67003
5004288,09.36374,48.67656
5004289,09.35695,48.66056
5004290,09.35593,48.65785
5004295,09.38042,48.66791
5004296,09.37889,48.66594
5004297,09.37048,48.66767
5004298,09.36647,48.65492
5004299,09.36620,48.64884
5004300,09.36336,48.64464
5004301,09.35063,48.64053
5004302,09.33412,48.63213
5004303,09.52903,48.64679
5004304,09.33998,48.62584
5004305,09.33005,48.62367
5004307,09.47476,48.65292
5004308,09.25007,48.59010
5004309,09.23956,48.58990
5004310,09.24391,48.58685
5004311,09.25381,48.57845
5004312,09.30153,48.59094
5004313,09.25898,48.57578
5004314,09.26882,48.57325
5004315,09.26600,48.57284
5004316,09.26871,48.57116
5004317,09.44952,48.64914
5004319,09.45539,48.64669
5004320,09.46818,48.64257
5004321,09.34201,48.55965
5004322,09.48332,48.63966
5004323,09.48905,48.63877
5004324,09.51171,48.63129
5004325,09.53828,48.62145
5004327,09.53700,48.61608
5004328,09.45864,48.63282
5004329,09.45945,48.63456
5004330,09.46196,48.63829
5004331,09.45840,48.64027
5004332,09.45660,48.64383
5004333,09.45376,48.64499
5004334,09.45848,48.63623
5004335,09.46781,48.64395
5004338,09.43356,48.65381
5004339,09.42727,48.65574
5004340,09.42224,48.65644
5004341,09.42212,48.65712
5004343,09.42393,48.65932
5004344,09.41479,48.66108
5004345,09.41637,48.65772
5004346,09.41732,48.65445
5004347,09.41487,48.64752
5004349,09.41431,48.64530
5004350,09.46750,48.64484
5004351,09.46815,48.64835
5004352,09.47246,48.64837
5004353,09.47249,48.65021
5004354,09.46899,48.65045
5004355,09.45900,48.66048
5004356,09.44674,48.64127
5004359,09.43685,48.64962
5004361,09.43669,48.64709
5004362,09.54447,48.61534
5004363,09.45710,48.65033
5004364,09.45956,48.65481
5004365,09.47096,48.67295
5004366,09.47541,48.67352
5004368,09.45589,48.67027
5004369,09.43103,48.67054
5004373,09.34287,48.62377
5004375,09.34391,48.62814
5004376,09.34922,48.62492
5004377,09.34793,48.62845
5004378,09.35856,48.62615
5004379,09.37876,48.62797
5004380,09.38545,48.62924
5004381,09.39061,48.63050
5004382,09.40799,48.63428
5004383,09.43424,48.64264
5004384,09.44269,48.64816
5004385,09.44422,48.64647
5004386,09.41969,48.65746
5004387,09.47743,48.64145
5004388,09.44792,48.71171
5004390,09.51936,48.64517
5004391,09.52470,48.64544
5004392,09.53384,48.64790
5004393,09.51641,48.63420
5004394,09.53146,48.62449
5004395,09.53162,48.61891
5004396,09.52225,48.62317
5004398,09.54165,48.61204
5004399,09.55031,48.59378
5004400,09.19817,48.84091
5004401,09.18842,48.83848
5004402,09.17030,48.82155
5004403,09.35898,48.59412
5004404,09.33565,48.61568
5004405,09.53644,48.58734
5004406,09.56106,48.58271
5004407,09.56329,48.58049
5004408,09.56799,48.57674
5004409,09.56687,48.57410
5004410,09.47706,48.61655
5004411,09.48424,48.61440
5004412,09.48963,48.60579
5004413,09.49123,48.60202
5004415,09.49132,48.59906
5004416,09.49202,48.59675
5004417,09.51097,48.57897
5004418,09.47119,48.55379
5004419,09.49637,48.53020
5004420,09.51472,48.53298
5004421,09.51999,48.53391
5004422,09.52654,48.52941
5004423,09.53188,48.53643
5004424,09.53235,48.53939
5004425,09.53092,48.54116
5004427,09.35145,48.61168
5004428,09.43354,48.55774
5004429,09.35574,48.59038
5004430,09.36232,48.59169
5004431,09.36712,48.58300
5004432,09.41615,48.53756
5004433,09.37157,48.57979
5004436,09.39708,48.56557
5004437,09.40386,48.56886
5004438,09.39041,48.56693
5004442,09.37296,48.55535
5004443,09.38111,48.56099
5004444,09.34710,48.63144
5004445,09.35691,48.63060
5004446,09.34905,48.61192
5004447,09.34945,48.61610
5004448,09.35052,48.61422
5004449,09.35880,48.61125
5004450,09.35076,48.60976
5004451,09.34770,48.60917
5004452,09.34191,48.60785
5004453,09.34055,48.60668
5004454,09.34012,48.64065
5004456,09.34940,48.64322
5004459,09.33903,48.62156
5004460,09.33212,48.61286
5004461,09.32405,48.61000
5004462,09.30631,48.60383
5004463,09.30981,48.59564
5004464,09.28499,48.57073
5004465,09.28815,48.57126
5004466,09.33024,48.57604
5004467,09.35005,48.59173
5004471,09.27113,48.62729
5004472,09.26333,48.62757
5004473,09.25669,48.63152
5004474,09.38050,48.67061
5004475,09.23303,48.62075
5004476,09.21414,48.62444
5004477,09.20846,48.62405
5004479,09.31786,48.62094
5004480,09.30978,48.61805
5004481,09.30396,48.61696
5004482,09.26715,48.61394
5004483,09.26409,48.61212
5004484,09.26776,48.60887
5004485,09.23912,48.59474
5004486,09.23279,48.59042
5004487,09.23601,48.59094
5004488,09.24251,48.59184
5004489,09.26969,48.59408
5004490,09.27134,48.57036
5004492,09.32927,48.54721
5004493,09.32306,48.55065
5004497,09.52796,48.79690
5004498,09.52632,48.78993
5004500,09.50385,48.77082
5004501,09.50287,48.77149
5004502,09.49427,48.76632
5004503,09.48365,48.75246
5004504,09.48250,48.74449
5004505,09.47606,48.73335
5004506,09.46557,48.72535
5004507,09.46378,48.71828
5004508,09.46520,48.71332
5004509,08.77487,48.53407
5004510,08.82796,48.52245
5004512,08.86263,48.59396
5004513,08.85598,48.59549
5004516,09.13206,48.84555
5004518,09.11897,48.85347
5004519,09.11126,48.85251
5004520,09.10332,48.85215
5004521,09.09617,48.85302
5004522,09.09476,48.85344
5004523,09.09142,48.85466
5004524,09.05242,48.85805
5004525,09.08321,48.87387
5004526,09.03466,48.86533
5004527,09.03203,48.86790
5004528,09.02542,48.86927
5004529,08.98332,48.85256
5004530,08.98069,48.85263
5004531,08.97881,48.85185
5004532,08.96173,48.84726
5004533,08.93215,48.84651
5004534,08.92681,48.84677
5004535,09.03055,48.86347
5004536,08.98607,48.85160
5004537,08.98895,48.76328
5004538,08.98448,48.76553
5004539,08.98120,48.76958
5004540,09.00236,48.78652
5004541,09.00094,48.78949
5004543,09.00343,48.79370
5004545,09.01226,48.79515
5004546,09.02653,48.78897
5004547,09.00955,48.79684
5004548,09.00066,48.79296
5004549,08.98661,48.76286
5004550,08.97780,48.81274
5004551,08.99263,48.70593
5004552,09.07675,48.80583
5004553,09.06946,48.80164
5004554,09.05867,48.80057
5004556,08.95367,48.80670
5004557,08.95111,48.80469
5004558,09.03057,48.86709
5004559,08.93672,48.80964
5004560,09.08915,48.85204
5004561,08.99059,48.79137
5004562,08.99497,48.79236
5004563,08.99760,48.79288
5004564,08.90140,48.85158
5004565,08.91028,48.82928
5004566,08.91316,48.83390
5004567,08.91341,48.83724
5004568,08.92246,48.84593
5004569,08.93404,48.84646
5004570,09.03193,48.86585
5004571,08.92502,48.84846
5004572,09.01303,48.81536
5004574,08.86944,48.75238
5004575,08.86799,48.75548
5004577,08.81037,48.77692
5004578,08.90911,48.82243
5004579,08.89693,48.72606
5004581,08.86775,48.74920
5004582,08.88965,48.72632
5004583,08.89580,48.72441
5004584,08.89119,48.72632
5004585,08.88576,48.71706
5004587,08.85385,48.76512
5004588,08.85200,48.76847
5004589,08.85377,48.77481
5004590,08.84650,48.77211
5004591,08.81766,48.77481
5004592,08.81407,48.77514
5004593,08.83385,48.78842
5004596,08.96840,48.74609
5004597,08.96398,48.74295
5004599,08.97508,48.73775
5004600,08.96008,48.74450
5004601,08.99009,48.76287
5004602,08.99325,48.76364
5004603,09.00221,48.73068
5004604,09.00863,48.72892
5004605,09.01054,48.72523
5004606,08.99971,48.71360
5004607,09.00010,48.71295
5004608,08.94060,48.69093
5004609,09.00025,48.71123
5004610,08.99388,48.70787
5004611,08.99712,48.70709
5004612,09.00180,48.69875
5004613,09.00914,48.70084
5004614,09.01709,48.70037
5004615,09.01914,48.69848
5004617,09.04045,48.66720
5004619,09.00054,48.68460
5004620,08.99766,48.68520
5004621,08.98788,48.68673
5004624,08.98938,48.70659
5004625,09.01164,48.72132
5004626,09.01832,48.71902
5004627,09.01731,48.71277
5004628,09.01765,48.71451
5004629,09.01343,48.71119
5004630,08.95682,48.68907
5004631,08.95122,48.69071
5004632,08.95123,48.69175
5004633,08.95554,48.69336
5004635,08.96202,48.69317
5004636,09.01052,48.69841
5004637,08.94046,48.69456
5004638,08.93588,48.69532
5004640,08.93614,48.69222
5004641,08.98221,48.70474
5004642,08.97098,48.71725
5004643,08.96207,48.71615
5004644,08.98518,48.72390
5004645,08.98793,48.72073
5004647,08.99400,48.71372
5004649,08.99800,48.71875
5004652,09.02223,48.70039
5004653,09.02581,48.70212
5004654,09.03423,48.70585
5004655,08.96149,48.69541
5004656,09.01353,48.70387
5004657,09.01457,48.70267
5004658,09.01853,48.70257
5004659,08.98823,48.72224
5004660,09.01784,48.70786
5004661,09.02244,48.70848
5004662,09.02660,48.70831
5004663,09.01401,48.69597
5004664,09.03538,48.70896
5004665,09.03682,48.70820
5004666,09.02327,48.71478
5004667,09.02228,48.68574
5004668,09.03000,48.68595
5004669,09.03266,48.68355
5004670,09.02705,48.67976
5004671,09.02962,48.67733
5004672,09.03722,48.67015
5004673,09.04109,48.66768
5004674,09.04640,48.66865
5004675,09.02268,48.68727
5004676,09.02692,48.68944
5004677,09.03321,48.69078
5004680,09.02093,48.68817
5004683,09.02162,48.69354
5004684,09.01723,48.68293
5004685,09.02415,48.68184
5004686,09.02110,48.68302
5004687,09.02934,48.67769
5004688,09.03242,48.67658
5004689,09.03734,48.67865
5004690,09.02686,48.68341
5004691,09.01609,48.67349
5004692,09.02520,48.67741
5004693,09.01834,48.67809
5004694,09.01131,48.67315
5004695,09.01076,48.67433
5004696,09.00287,48.67677
5004697,09.00043,48.67378
5004698,08.99592,48.67450
5004699,09.00010,48.67660
5004700,09.00674,48.68008
5004701,09.00198,48.68033
5004702,09.00566,48.68164
5004703,09.01067,48.67651
5004704,09.00947,48.67315
5004705,09.00540,48.67185
5004706,08.99659,48.67671
5004707,08.99272,48.67974
5004709,08.99875,48.68074
5004710,08.99932,48.66762
5004711,08.99758,48.67886
5004712,09.02639,48.67547
5004713,09.03513,48.67027
5004714,08.99610,48.67193
5004715,08.99288,48.66940
5004716,08.98481,48.67738
5004717,08.97640,48.67513
5004718,08.97190,48.67632
5004719,08.97652,48.67951
5004720,08.98075,48.68066
5004721,08.97976,48.68277
5004722,08.98552,48.68477
5004723,08.98929,48.68301
5004724,08.99422,48.68433
5004725,08.89416,48.67904
5004727,08.90232,48.64186
5004729,08.92269,48.62515
5004737,08.87951,48.60917
5004738,08.87029,48.59831
5004739,08.86731,48.59600
5004741,08.76590,48.57364
5004742,08.83984,48.58056
5004743,08.83978,48.58297
5004744,08.83314,48.58461
5004745,08.84805,48.56233
5004746,08.82756,48.55329
5004747,08.82358,48.55262
5004748,08.81872,48.55373
5004749,08.84395,48.53342
5004756,08.93595,48.65806
5004757,08.93275,48.65529
5004758,08.83141,48.59562
5004759,08.79690,48.58684
5004760,08.83533,48.52017
5004761,08.82991,48.51891
5004762,09.01504,48.63291
5004763,09.02848,48.64296
5004764,08.94535,48.68989
5004765,08.92016,48.67968
5004766,08.90626,48.67957
5004768,08.91643,48.70231
5004769,08.91836,48.70861
5004770,08.91057,48.71124
5004771,08.90724,48.71367
5004772,08.98872,48.63009
5004773,08.89393,48.71644
5004774,08.89583,48.69644
5004775,08.88778,48.69993
5004776,08.90404,48.68165
5004777,08.89872,48.67873
5004778,08.88668,48.67811
5004779,08.87169,48.67837
5004780,08.86707,48.68109
5004781,09.04996,48.62086
5004783,09.06931,48.62161
5004785,09.02742,48.63954
5004786,09.02323,48.62708
5004787,09.02678,48.64506
5004788,09.04804,48.63275
5004789,09.05409,48.63645
5004790,09.06143,48.62403
5004791,09.02465,48.61547
5004792,09.05425,48.60376
5004793,08.99757,48.63263
5004794,08.99491,48.63051
5004795,08.99408,48.62969
5004796,08.97851,48.62678
5004797,08.97168,48.62545
5004798,08.96635,48.62517
5004800,08.90291,48.60237
5004801,08.87851,48.59531
5004802,08.86780,48.59526
5004804,09.05133,48.66617
5004805,09.05904,48.66729
5004806,09.05934,48.66134
5004808,09.05874,48.65684
5004811,09.07023,48.66187
5004812,09.08468,48.66524
5004813,09.09990,48.66417
5004814,09.06708,48.65802
5004816,09.06406,48.65556
5004817,09.06510,48.65208
5004819,09.06004,48.63857
5004820,09.06046,48.64010
5004821,09.05898,48.64211
5004822,09.42383,48.65668
5004823,09.46801,48.63385
5004824,09.06470,48.67080
5004828,09.06341,48.65920
5004829,09.05672,48.65367
5004830,08.92809,48.57578
5004831,08.92265,48.57666
5004832,08.91631,48.57606
5004834,08.87627,48.55116
5004835,08.87864,48.57557
5004836,08.88030,48.57837
5004837,08.87726,48.59185
5004838,08.82220,48.65181
5004839,08.81864,48.64941
5004840,08.83382,48.62487
5004842,08.83613,48.62098
5004843,08.84171,48.61532
5004844,08.84275,48.61179
5004845,08.84658,48.60984
5004846,08.85814,48.60744
5004847,08.85934,48.60698
5004848,08.86104,48.59744
5004851,08.85505,48.59462
5004853,08.90885,48.57909
5004854,08.85992,48.60481
5004855,08.86460,48.58884
5004856,09.05681,48.65570
5004857,09.03239,48.64392
5004858,08.81038,48.57074
5004859,08.78136,48.56680
5004860,08.77882,48.57176
5004861,08.77544,48.57536
5004862,08.87559,48.55179
5004863,08.78313,48.56435
5004864,08.76709,48.56172
5004865,08.78328,48.56096
5004867,08.91180,48.58302
5004868,08.83909,48.61120
5004871,08.84796,48.56031
5004872,09.02039,48.64472
5004874,09.31317,48.82626
5004875,09.30930,48.83022
5004876,09.30700,48.83440
5004877,09.30265,48.84575
5004878,09.29728,48.85258
5004879,09.29827,48.85776
5004880,09.01062,48.64266
5004881,09.01217,48.63601
5004882,09.29503,48.85632
5004883,09.27543,48.86975
5004885,09.27935,48.87271
5004886,09.25320,48.86328
5004887,09.27375,48.87206
5004888,09.25243,48.86380
5004889,09.27315,48.87456
5004890,09.27466,48.87687
5004891,09.27099,48.87730
5004892,09.22850,48.89165
5004893,09.21665,48.89485
5004894,09.20306,48.89604
5004896,09.39960,48.86963
5004898,09.44365,48.97793
5004899,09.45763,48.98171
5004901,09.45908,48.98427
5004902,09.46318,48.99032
5004903,09.47470,48.99694
5004904,09.49755,49.00353
5004905,09.50137,49.00255
5004906,09.51616,49.03299
5004908,09.51415,49.04944
5004910,09.50584,49.00253
5004911,09.51613,49.00135
5004912,09.53493,48.99631
5004913,09.58230,48.97848
5004914,09.55547,48.98463
5004915,09.56382,48.98172
5004916,09.57827,48.98257
5004917,09.58333,48.98618
5004918,09.58455,48.98886
5004919,09.59161,48.99174
5004922,09.60263,48.97462
5004923,09.61687,48.97261
5004924,09.62841,48.97148
5004925,09.64835,48.97685
5004926,09.65370,48.97725
5004927,09.64744,48.97603
5004928,09.33779,48.78510
5004929,09.34181,48.78872
5004930,09.33794,48.78726
5004931,09.34112,48.79011
5004932,09.33965,48.79051
5004933,09.34047,48.79278
5004934,09.34204,48.79641
5004935,09.33232,48.80412
5004936,09.32514,48.80783
5004938,09.32267,48.80569
5004939,09.31879,48.80778
5004940,09.31379,48.81901
5004943,09.53526,48.80335
5004945,09.60543,48.97649
5004946,09.55239,48.77691
5004947,09.55597,48.77706
5004948,09.57119,48.76516
5004949,09.43166,48.96263
5004950,09.45640,48.98037
5004951,09.46067,48.98632
5004952,09.50027,48.99945
5004953,09.49321,49.00520
5004954,09.45085,49.02766
5004955,09.46836,49.01733
5004956,09.45756,49.02147
5004957,09.45976,49.03052
5004958,09.44663,49.03659
5004959,09.44671,49.03877
5004960,09.44357,49.04774
5004961,09.44686,49.03789
5004962,09.51881,49.04072
5004964,09.50458,49.04987
5004965,09.51490,49.05340
5004966,09.49752,49.05300
5004967,09.49938,49.05903
5004968,09.49965,49.06350
5004969,09.50667,49.06996
5004970,09.51115,49.07301
5004971,09.43946,48.94127
5004972,09.44611,48.93707
5004973,09.44654,48.93329
5004974,09.45466,48.92509
5004975,09.45654,48.93066
5004976,09.50062,48.93725
5004977,09.48320,48.92130
5004978,09.50017,48.92282
5004979,09.52193,48.92834
5004980,09.53438,48.92754
5004981,09.52395,48.93126
5004982,09.52297,48.93734
5004984,09.54323,48.94190
5004985,09.54762,48.94296
5004986,09.55658,48.94433
5004987,09.56263,48.92932
5004988,09.50286,48.92179
5004989,09.51747,48.92132
5004990,09.52679,48.92219
5004991,09.54955,48.91393
5004992,09.53172,48.90769
5004993,09.55436,48.90981
5004994,09.55267,48.90756
5004995,09.56998,48.91783
5004996,09.57297,48.91331
5004997,09.57722,48.91178
5004998,09.57432,48.89744
5004999,09.55884,48.89511
5005000,09.20572,48.62261
5005001,09.26176,48.62742
5005003,09.30129,48.72107
5005005,09.30242,48.71007
5005006,09.31031,48.70145
5005007,09.31301,48.69778
5005008,09.31832,48.69379
5005009,09.32387,48.69279
5005010,09.32247,48.69456
5005011,09.27168,48.70953
5005012,09.26824,48.70873
5005013,09.32867,48.69467
5005014,09.34456,48.70151
5005016,09.36025,48.71454
5005017,09.23283,48.71745
5005018,09.23084,48.71916
5005019,09.23549,48.71619
5005020,09.23159,48.72306
5005021,09.29460,48.71552
5005022,09.24611,48.73145
5005023,09.32033,48.69721
5005024,09.30207,48.73173
5005025,09.54242,48.89196
5005026,09.72633,48.87204
5005027,09.59061,48.92344
5005028,09.59953,48.92136
5005029,09.61081,48.91944
5005030,09.47776,48.92940
5005031,09.44297,48.91996
5005032,09.46765,48.90684
5005033,09.49816,48.89673
5005034,09.51010,48.88844
5005035,09.52808,48.88562
5005036,09.53081,48.88223
5005037,09.47486,48.90688
5005038,09.48457,48.90832
5005039,09.48407,48.91772
5005040,09.48702,48.91597
5005041,09.50158,48.91247
5005042,09.48647,49.00776
5005044,09.45014,49.03675
5005045,09.46966,49.04957
5005046,09.43854,49.03043
5005047,09.43573,49.03664
5005048,09.40904,49.03008
5005049,09.39263,49.02730
5005050,09.52777,48.81441
5005051,09.54996,48.82407
5005053,09.57883,48.85644
5005054,09.59146,48.85584
5005055,09.60219,48.85841
5005056,09.62168,48.85649
5005057,09.62698,48.99659
5005058,09.63132,48.87010
5005059,09.61207,48.98933
5005060,09.63085,48.87412
5005061,09.63483,48.87490
5005062,09.58456,49.01167
5005063,09.63481,48.87749
5005064,09.64501,48.88705
5005065,09.65091,48.89931
5005066,09.65104,48.90293
5005067,09.65066,48.90981
5005068,09.64490,48.92007
5005071,09.62141,48.92692
5005072,09.63072,48.88872
5005073,09.62678,48.89680
5005074,09.62480,48.90466
5005075,09.62179,48.91364
5005076,09.63897,48.93074
5005077,09.64202,48.93569
5005078,09.66400,48.93824
5005079,09.58469,49.00578
5005080,09.67583,48.94699
5005081,09.68413,48.95020
5005082,09.69460,48.94871
5005083,09.67397,48.95265
5005084,09.66075,48.95881
5005085,09.65724,48.96054
5005086,09.64159,48.96759
5005087,09.62565,48.85610
5005088,09.63912,48.85014
5005089,09.64599,48.84720
5005090,09.66005,48.84283
5005091,09.68144,48.84093
5005092,09.68319,48.83939
5005093,09.66839,48.94076
5005094,09.72358,48.89638
5005095,09.72874,48.88284
5005096,09.72777,48.86857
5005097,09.72810,48.86613
5005098,09.72557,48.86013
5005099,09.71900,48.84390
5005100,09.71267,48.84287
5005101,09.68651,48.83512
5005102,09.69535,48.83190
5005103,09.72496,48.84191
5005104,09.74038,48.84195
5005105,09.75852,48.84237
5005106,09.55949,49.03649
5005107,09.55028,48.82766
5005108,09.54935,48.83229
5005109,09.54291,48.84010
5005110,09.54167,48.84149
5005111,09.54709,48.85468
5005112,09.54845,48.85840
5005113,09.53856,48.86068
5005114,09.51046,48.85965
5005115,09.52736,48.85901
5005117,09.50467,48.87326
5005118,09.52890,48.87433
5005119,09.53009,48.88496
5005120,09.52317,48.87387
5005121,09.53262,48.88901
5005122,09.54646,48.85918
5005123,09.63317,48.88165
5005124,09.58382,48.89532
5005125,09.59592,48.89059
5005127,09.60569,48.88211
5005128,09.62531,48.87762
5005129,09.63296,48.87691
5005130,09.63971,48.88032
5005131,09.63800,48.87395
5005132,09.62583,48.85814
5005134,09.57843,48.80940
5005136,09.58174,48.98700
5005138,09.56649,49.00222
5005139,09.56340,49.00600
5005140,09.56530,49.01606
5005141,09.56266,49.02038
5005142,09.57047,49.02530
5005143,09.57907,49.03859
5005144,09.30938,48.82941
5005145,09.32092,48.83303
5005146,09.31517,48.83756
5005147,09.31860,48.84491
5005148,09.32167,48.84768
5005149,09.58500,48.80939
5005150,09.32147,48.86183
5005151,09.31673,48.86440
5005152,09.31718,48.86835
5005154,09.31532,48.88500
5005155,09.31275,48.88956
5005156,09.31730,48.89102
5005157,09.32215,48.89053
5005158,09.33201,48.83932
5005160,09.32775,48.83102
5005161,09.33142,48.82675
5005162,09.33886,48.82295
5005163,09.32938,48.83868
5005164,09.34708,48.82246
5005165,09.34805,48.82112
5005166,09.35425,48.81076
5005168,09.36642,48.81334
5005169,09.38795,48.81713
5005170,09.38535,48.81931
5005171,09.37986,48.82390
5005172,09.38188,48.82080
5005174,09.35732,48.80822
5005175,09.35388,48.79970
5005176,09.36348,48.78625
5005177,09.36517,48.78400
5005178,09.36794,48.78105
5005179,09.38605,48.80501
5005180,09.36163,48.78950
5005183,09.42441,48.81758
5005186,09.42293,48.83340
5005187,09.42274,48.84500
5005188,09.35961,48.81072
5005189,09.23492,48.78882
5005190,09.53497,48.80176
5005191,09.52008,48.80083
5005193,09.50389,48.79832
5005194,09.50233,48.79632
5005195,09.50280,48.79216
5005197,09.47208,48.80874
5005198,09.46453,48.81355
5005199,09.46140,48.82915
5005201,09.45389,48.84633
5005202,09.44022,48.85506
5005203,09.42587,48.86633
5005204,09.43062,48.86514
5005205,09.42208,48.87271
5005207,09.40323,48.87376
5005209,09.39834,48.87516
5005210,09.39713,48.87416
5005211,09.51974,48.79640
5005212,09.51765,48.79854
5005214,09.52650,48.78876
5005215,09.53432,48.81516
5005216,09.53254,48.80276
5005217,09.42659,48.87703
5005218,09.40204,48.86706
5005219,09.53436,48.80058
5005220,09.53503,48.79735
5005222,09.53195,48.78949
5005223,09.53555,48.80030
5005224,09.52646,48.80760
5005225,09.55170,48.80688
5005226,09.56229,48.80937
5005227,09.57221,48.81439
5005234,09.59338,48.79577
5005235,09.59172,48.79456
5005236,09.58985,48.79420
5005237,09.59238,48.79192
5005238,09.59365,48.79142
5005239,09.59749,48.78965
5005240,09.60044,48.78941
5005241,09.58360,48.79071
5005242,09.60406,48.79068
5005243,09.60797,48.79105
5005244,09.60198,48.79473
5005245,09.59756,48.79704
5005247,09.60086,48.79785
5005248,09.60078,48.79959
5005249,09.60043,48.80178
5005250,09.59619,48.79999
5005251,09.60221,48.79468
5005252,09.59802,48.79663
5005254,09.51745,48.80974
5005255,09.52546,48.81629
5005256,09.52444,48.81801
5005257,09.53912,48.81689
5005259,09.52806,48.81753
5005260,09.51191,48.83078
5005261,09.51503,48.82849
5005262,09.51810,48.84378
5005263,09.50197,48.84647
5005264,09.50053,48.85339
5005265,09.48827,48.85120
5005266,09.49608,48.86079
5005267,09.49801,48.86492
5005268,09.46857,48.86071
5005269,09.47133,48.87272
5005270,09.46129,48.88640
5005271,09.45587,48.89011
5005272,09.44080,48.88249
5005273,09.42696,48.87661
5005274,09.43256,48.87847
5005275,09.42401,48.87512
5005276,09.46543,48.85873
5005277,09.46120,48.85720
5005278,09.46606,48.85378
5005279,09.47017,48.84482
5005280,09.68413,48.91094
5005281,09.69157,48.90580
5005282,09.67194,48.90038
5005283,09.67931,48.90341
5005284,09.59892,48.88686
5005286,09.40313,48.87296
5005287,09.46750,48.92995
5005288,09.48150,48.92510
5005290,09.43762,48.85086
5005291,09.44134,48.84678
5005292,09.44333,48.84075
5005293,09.45342,48.84291
5005294,09.57433,48.98074
5005295,09.63373,48.96346
5005296,09.62114,48.95991
5005297,09.61418,48.95816
5005298,09.59452,48.95955
5005299,09.58268,48.95504
5005301,09.57090,48.94789
5005303,09.59823,48.94702
5005304,09.60440,48.94826
5005305,09.62562,48.94689
5005306,09.40037,48.87216
5005307,09.39934,48.86966
5005308,09.38628,48.87199
5005309,09.38629,48.86282
5005310,09.38969,48.85475
5005311,09.38602,48.85343
5005312,09.57132,48.98169
5005313,09.39246,48.88742
5005314,09.38744,48.89023
5005315,09.37520,48.89779
5005319,09.39187,48.89005
5005320,09.40464,48.89984
5005321,09.40974,48.90268
5005322,09.44521,48.96569
5005323,09.42279,48.94508
5005324,09.43059,48.94640
5005325,09.45160,48.95676
5005329,09.42861,48.94613
5005330,09.43034,48.95741
5005331,09.43253,48.95568
5005332,09.43628,48.95488
5005333,09.44180,48.95287
5005334,09.44544,48.95234
5005335,09.42668,48.94564
5005336,09.43458,48.94641
5005337,09.44426,48.94855
5005338,09.45384,48.95248
5005339,09.44459,48.95307
5005340,09.44798,48.95546
5005342,09.45510,48.95481
5005343,09.47873,48.95940
5005345,09.43476,48.94481
5005346,09.44693,48.94744
5005347,09.45894,48.94430
5005348,09.46144,48.94318
5005349,09.46366,48.94414
5005350,09.42142,48.94936
5005351,09.41352,48.94852
5005352,09.40254,48.94852
5005353,09.39554,48.94932
5005354,09.40313,48.94432
5005355,09.41722,48.95255
5005356,09.40276,48.96278
5005357,09.39830,48.96675
5005358,09.39988,48.97404
5005359,09.40711,48.98854
5005360,09.39271,48.99123
5005361,09.38006,48.98891
5005362,09.36601,48.99137
5005363,09.26953,48.94388
5005364,09.38039,48.96364
5005365,09.37352,48.96332
5005366,09.35419,48.96460
5005367,09.33798,48.96637
5005368,09.33000,48.96386
5005369,09.32608,48.95995
5005370,09.29982,48.94922
5005371,09.28236,48.94722
5005372,09.26230,48.94052
5005374,09.47925,48.92835
5005375,09.47915,48.93044
5005377,09.49882,48.93787
5005378,09.49879,48.94759
5005379,09.50483,48.95418
5005380,09.51024,48.95830
5005381,09.50701,48.93777
5005382,09.52069,48.93907
5005383,09.49856,48.93461
5005384,09.52149,48.93887
5005385,09.52295,48.93339
5005386,09.31561,48.83342
5005387,09.31421,48.83216
5005388,09.48137,48.93138
5005389,09.30641,48.81926
5005391,09.31589,48.82984
5005393,09.36627,48.81328
5005396,09.37273,48.81005
5005397,09.37506,48.80858
5005398,09.38852,48.80160
5005400,09.39921,48.79340
5005402,09.40200,48.79282
5005403,09.40498,48.78971
5005404,09.32648,48.82497
5005405,09.33754,48.83707
5005406,09.33147,48.83736
5005407,09.32635,48.83657
5005408,09.32547,48.83288
5005409,09.32331,48.83417
5005410,09.31650,48.83184
5005411,09.31475,48.82996
5005412,09.33102,48.83372
5005413,09.33525,48.83516
5005414,09.35241,48.84051
5005415,09.36071,48.84254
5005416,09.36560,48.84088
5005417,09.35722,48.84605
5005418,09.35313,48.87146
5005419,09.34980,48.87686
5005422,09.41016,48.85373
5005423,09.41465,48.85254
5005425,09.26957,48.82476
5005426,09.26718,48.82743
5005427,09.26454,48.83040
5005428,09.35355,48.87871
5005429,09.29908,48.86084
5005431,09.31176,48.80736
5005432,09.28531,48.80372
5005433,09.28190,48.80504
5005434,09.28180,48.81508
5005436,09.27515,48.81798
5005438,09.18138,48.87111
5005439,09.18875,48.86116
5005440,09.19776,48.86033
5005441,09.20112,48.85879
5005442,09.20520,48.85788
5005443,09.20208,48.86112
5005444,09.20809,48.86251
5005445,09.20797,48.86483
5005446,09.20159,48.86693
5005447,09.19345,48.86683
5005450,09.19051,48.86393
5005451,09.19428,48.86382
5005452,09.17431,48.85511
5005453,09.27349,48.87152
5005454,09.19391,48.89820
5005455,09.18339,48.88424
5005456,09.17902,48.87994
5005457,09.15424,48.88544
5005459,09.18608,48.86791
5005460,09.18570,48.86369
5005461,09.18453,48.86152
5005462,09.18559,48.85978
5005463,09.19100,48.85774
5005464,09.19222,48.85634
5005465,09.19089,48.85379
5005466,09.17694,48.89159
5005467,09.17899,48.85603
5005468,09.17676,48.87581
5005469,09.18161,48.85181
5005470,09.18275,48.85055
5005471,09.18624,48.85146
5005472,09.18233,48.88968
5005474,09.17348,48.89308
5005475,09.16639,48.89296
5005476,09.15598,48.89307
5005477,09.14353,48.94153
5005478,09.14949,48.89761
5005479,09.13564,48.90567
5005481,09.12513,48.90607
5005482,09.12902,48.90383
5005483,09.20280,48.90288
5005484,09.21083,48.90351
5005485,09.18137,48.85516
5005486,09.21864,48.91318
5005487,09.22420,48.91629
5005488,09.17797,48.88962
5005489,09.17379,48.88786
5005490,09.16918,48.88780
5005491,09.16571,48.88943
5005492,09.16268,48.88904
5005494,09.15440,48.88447
5005495,09.15786,48.88430
5005496,09.16097,48.88528
5005497,09.19695,48.89611
5005498,09.20422,48.89780
5005499,09.20603,48.89937
5005500,09.21182,48.90210
5005501,09.21696,48.90279
5005502,09.22097,48.90319
5005503,09.18318,48.89821
5005504,09.18645,48.90061
5005505,09.19052,48.90148
5005506,09.19610,48.90245
5005507,09.17532,48.90876
5005508,09.16011,48.91760
5005510,09.18034,48.89472
5005511,09.17221,48.90784
5005512,09.16502,48.90793
5005513,09.15905,48.90903
5005514,09.20843,48.89601
5005515,09.22222,48.89353
5005516,09.22955,48.89260
5005517,09.19055,48.88808
5005518,09.19070,48.88447
5005519,09.19591,48.88449
5005520,09.19693,48.88752
5005521,09.20299,48.88714
5005522,09.20812,48.88453
5005523,09.21661,48.87955
5005524,09.19851,48.90399
5005525,09.20500,48.91014
5005526,09.20999,48.91092
5005527,09.21168,48.91311
5005528,09.21450,48.91025
5005529,09.19575,48.89091
5005530,09.20009,48.89104
5005531,09.20447,48.89110
5005532,09.16162,48.89439
5005533,09.20891,48.89031
5005534,09.21353,48.88887
5005535,09.17222,48.91063
5005536,09.22699,48.88879
5005537,09.17561,48.89443
5005538,09.17728,48.89329
5005539,09.16615,48.89438
5005540,09.16580,48.89701
5005541,09.17250,48.89712
5005542,09.17284,48.89916
5005543,09.17949,48.90721
5005544,09.17858,48.96223
5005545,09.17683,48.91156
5005546,09.29398,48.85642
5005547,09.03450,48.98438
5005548,09.29989,48.90064
5005549,09.26873,48.88987
5005550,09.27610,48.88850
5005551,09.27986,48.88728
5005552,09.29146,48.89712
5005553,09.31168,48.88835
5005554,09.31179,48.88861
5005556,09.29320,48.89843
5005557,09.26450,48.91053
5005558,09.26644,48.90547
5005559,09.26571,48.90871
5005560,09.19791,48.95418
5005561,09.26222,48.91285
5005563,09.13994,48.99728
5005565,09.17999,48.94290
5005566,09.17866,48.95902
5005567,09.18344,48.96447
5005568,09.20028,48.97585
5005569,09.20433,48.95682
5005570,09.20394,48.95917
5005571,09.20432,48.96137
5005572,09.20512,48.96692
5005573,09.24142,48.98100
5005574,09.20665,48.99608
5005575,09.20483,49.00165
5005576,09.19021,48.99220
5005577,09.22015,49.00229
5005578,09.18455,48.99306
5005579,09.20273,49.01679
5005580,09.15138,49.00370
5005581,09.14818,48.99816
5005582,09.13978,49.00102
5005583,09.13674,48.99760
5005584,09.17181,48.91196
5005585,09.22324,48.87786
5005586,09.23941,48.86934
5005587,09.24825,48.86484
5005588,09.24967,48.85932
5005589,09.25667,48.86734
5005590,09.26041,48.87146
5005591,09.27894,48.86995
5005592,09.29628,48.89889
5005593,09.31946,49.02614
5005594,09.32379,49.02387
5005596,09.39528,49.05036
5005597,09.25218,48.95802
5005598,09.25951,48.96215
5005599,09.27508,48.96840
5005600,09.26206,48.96448
5005601,09.27047,48.96676
5005602,09.27613,48.96755
5005603,09.27965,48.96688
5005604,09.28657,48.98047
5005605,09.28967,48.99727
5005606,09.29167,49.00072
5005607,09.26493,49.02345
5005608,09.29391,48.99999
5005609,09.29892,49.00356
5005610,09.30936,49.01257
5005611,09.31621,49.02031
5005612,09.31955,49.02408
5005613,09.31785,49.02869
5005614,09.32920,49.02656
5005615,09.33699,49.03284
5005616,09.12172,48.95179
5005617,09.13509,48.95338
5005619,09.28228,49.00559
5005620,09.25027,49.01202
5005621,09.00148,48.88622
5005622,08.99585,48.88828
5005623,08.96531,48.88096
5005624,09.28280,48.88847
5005625,08.93935,48.89467
5005626,09.03322,48.89099
5005627,09.12615,48.84884
5005628,09.02267,48.90610
5005629,09.27191,48.88945
5005630,09.02269,49.00169
5005631,08.95839,48.93294
5005632,09.09520,48.85561
5005633,09.12265,48.89200
5005634,09.15257,48.89348
5005635,09.06080,48.93607
5005636,09.05745,48.93824
5005637,09.05394,48.93797
5005638,09.06337,48.95821
5005639,09.06313,48.96128
5005640,09.03004,48.92807
5005641,09.02643,48.92460
5005643,09.10248,48.94372
5005644,09.10076,48.94701
5005645,09.08435,48.94591
5005646,09.14420,48.97261
5005647,09.12495,48.95457
5005648,09.13201,48.95727
5005649,09.07051,48.95869
5005650,09.05726,48.96286
5005651,09.01301,48.96145
5005653,08.97030,48.95166
5005654,08.95225,48.96709
5005656,09.13803,48.95664
5005657,09.24501,48.86286
5005658,09.13970,48.96025
5005659,09.13127,48.96040
5005660,09.12305,48.96225
5005661,09.12356,48.96184
5005662,08.93863,48.99260
5005664,09.12324,48.95963
5005666,09.11657,48.95940
5005667,09.10425,48.96142
5005668,09.09675,48.96290
5005669,09.07516,48.96926
5005671,09.06948,48.96847
5005672,09.06938,48.96876
5005674,09.06108,48.96153
5005675,09.14178,48.94432
5005676,09.14634,48.94553
5005677,09.06601,48.95929
5005678,09.15208,48.94335
5005679,09.14775,48.94085
5005680,09.15056,48.93917
5005681,09.15198,48.93999
5005683,09.12887,48.94625
5005684,09.12433,48.94290
5005685,09.11787,48.94302
5005686,09.11004,48.94545
5005687,09.10593,48.94329
5005689,09.10054,48.94339
5005690,09.11994,48.96360
5005691,09.07699,48.94436
5005692,09.10035,48.97633
5005693,09.10007,48.98454
5005694,09.13266,48.95862
5005695,09.09841,49.01910
5005696,09.11557,49.02522
5005697,09.09899,49.03734
5005698,09.09286,49.04003
5005700,09.09074,49.04198
5005701,09.12155,48.95066
5005703,09.11040,49.00130
5005704,09.10569,49.00185
5005705,09.09987,49.00305
5005706,09.06347,49.01015
5005707,09.05981,49.00860
5005708,09.05622,49.00616
5005709,09.02643,48.99802
5005710,09.01885,48.99988
5005711,08.99701,49.01713
5005712,08.98288,49.02086
5005713,08.96000,49.01818
5005714,08.91859,49.02529
5005715,09.14404,49.00006
5005716,09.15548,48.99554
5005718,09.15737,48.98825
5005719,09.16190,48.98016
5005720,09.15535,49.02439
5005721,09.16749,49.02351
5005722,09.15467,49.02795
5005723,09.15088,49.03764
5005724,09.14455,49.04264
5005725,09.12076,49.04062
5005726,09.10086,49.04060
5005727,09.09754,49.04082
5005729,09.08189,49.04139
5005730,09.15504,48.99069
5005731,08.96821,48.95264
5005732,09.16046,48.98967
5005733,08.96070,48.93541
5005735,08.93592,49.01884
5005737,08.99052,48.97670
5005738,08.98754,48.97949
5005739,08.98635,48.98289
5005740,08.93863,48.99260
5005742,09.06284,48.95613
5005743,09.02276,48.89959
5005744,08.98311,48.91825
5005745,08.97080,48.92367
5005746,08.96216,48.92862
5005747,08.97806,48.90504
5005748,08.97177,48.89535
5005751,08.95541,48.92974
5005752,08.94297,48.91672
5005753,08.94599,48.91437
5005756,09.00895,48.92365
5005757,08.96545,48.92714
5005759,08.97804,48.95029
5005760,09.08246,48.96666
5005761,09.59603,48.79653
5005763,09.60282,48.79316
5005765,09.63741,48.83729
5005766,08.98480,48.95474
5005768,09.47653,48.65776
5005769,09.44836,48.55032
5005770,09.36413,48.64794
5005772,09.27345,48.57230
5005773,08.94393,48.66250
5005774,08.90889,48.64087
5005775,08.89036,48.62060
5005776,08.84992,48.55977
5005777,09.45191,48.64017
5005778,09.45486,48.61637
5005779,09.44776,48.58689
5005780,09.45303,48.57400
5005781,09.46042,48.56530
5005782,09.01921,48.95917
5005785,09.15209,49.01089
5005786,09.46282,48.98159
5005787,09.64059,48.97536
5005789,09.57478,48.80495
5005790,09.53911,48.84359
5005791,09.53570,48.86142
5005792,09.52647,48.87301
5005793,09.35814,48.59534
5005794,09.37389,48.55811
5005795,09.07117,48.87061
5005797,09.32132,48.83354
5005798,09.22131,48.65125
5005799,09.12524,48.95671
5005801,09.53463,48.88759
5005802,09.43739,48.81004
5005803,09.54902,48.83078
5005804,09.53503,48.80763
5005805,09.41741,48.81938
5005806,09.20839,48.81351
5005807,09.04456,48.68746
5005810,09.19324,48.86090
5005811,08.91839,48.93703
5005818,09.02710,48.70538
5005819,09.25631,48.61192
5005820,09.26140,48.61010
5005822,09.41343,48.71688
5005823,08.97798,48.81467
5005824,08.98299,48.80972
5005825,08.92519,48.81175
5005826,08.95428,48.81042
5005827,08.95819,48.80985
5005828,08.94231,48.81297
5005829,08.94848,48.80433
5005831,08.94721,48.81059
5005833,08.92791,48.80915
5005834,08.95355,48.79307
5005835,08.95225,48.80033
5005836,08.94701,48.80789
5005837,08.90840,48.81442
5005838,08.83561,48.77586
5005839,08.85858,48.77190
5005841,08.85578,48.76204
5005843,08.99414,48.85554
5005844,09.08095,48.82120
5005845,08.90587,48.77867
5005846,08.90302,48.77486
5005847,08.89996,48.78096
5005848,08.90343,48.77466
5005851,08.91361,48.78839
5005852,09.09496,48.73063
5005854,09.13037,48.77385
5005856,08.97340,48.71631
5005857,09.00489,48.70540
5005858,09.34560,48.60884
5005859,09.36418,48.59244
5005860,09.08297,48.90147
5005861,09.13592,48.88790
5005862,09.08166,48.90789
5005863,09.34063,48.61986
5005864,09.39837,48.56962
5005865,08.96060,48.92961
5005868,09.25921,48.78990
5005869,09.42354,48.88754
5005871,09.46906,48.69597
5005873,08.95834,48.93717
5005875,08.95573,48.94122
5005876,08.99277,48.88480
5005878,09.36381,48.58829
5005879,08.95758,48.94815
5005880,08.96396,48.94044
5005881,08.93842,48.99605
5005882,08.94269,48.99455
5005883,08.97851,49.02213
5005884,08.97774,48.95382
5005885,08.94464,48.91272
5005888,09.04884,48.96564
5005889,09.31508,48.69518
5005890,09.07658,48.95960
5005891,09.08339,48.95887
5005896,09.49520,48.52660
5005897,09.47325,48.54845
5005898,09.34662,48.63634
5005900,09.30839,48.59361
5005901,09.31437,48.59105
5005903,09.33388,48.55925
5005908,09.53605,48.61435
5005910,09.23238,48.63415
5005911,08.93342,48.84547
5005912,08.92231,48.84452
5005916,09.05416,48.80176
5005917,09.04143,48.79795
5005918,08.91860,48.84237
5005920,08.94821,48.96861
5005921,08.97355,48.72491
5005922,09.28245,48.96938
5005923,09.31273,48.83067
5005924,09.32075,48.82311
5005925,09.30532,48.82827
5005926,09.00392,48.70806
5005927,09.00421,48.70857
5005929,08.97893,48.72466
5005932,08.96255,48.93295
5005933,09.18450,48.97107
5005934,09.18412,48.96054
5005935,08.93500,48.80928
5005936,08.94396,48.80468
5005937,08.94227,48.80872
5005941,08.89594,48.71637
5005943,09.06744,48.61344
5005944,09.06736,48.61645
5005946,08.83803,48.52411
5005947,09.05147,48.62194
5005948,09.05154,48.61926
5005949,09.31856,48.80849
5005950,09.30721,48.82252
5005951,09.34369,48.82182
5005955,09.31358,48.82177
5005956,09.31935,48.82164
5005957,09.32162,48.82008
5005958,09.31719,48.82713
5005959,09.53340,48.79509
5005960,09.52926,48.80355
5005961,09.52437,48.80330
5005962,09.52236,48.81222
5005966,09.50303,48.79397
5005968,09.43645,48.86060
5005969,09.52117,48.80103
5005970,09.52407,48.79786
5005971,09.53124,48.78773
5005973,09.53112,48.79179
5005974,09.51839,48.80596
5005975,09.53920,48.79842
5005976,09.54213,48.79660
5005977,09.53933,48.79948
5005978,09.53383,48.80464
5005979,09.54175,48.80569
5005980,09.59486,48.79901
5005983,09.43909,48.97347
5005984,09.55235,48.98810
5005985,09.64260,48.96430
5005986,09.63747,48.95288
5005987,09.64236,48.96020
5005989,09.55530,48.77926
5005990,09.55501,48.77491
5005991,09.40764,48.87222
5005992,09.42124,48.86840
5005993,09.53092,48.92601
5005994,09.48518,48.92345
5005995,09.48811,48.92131
5005998,09.03670,48.75039
5005999,09.23453,48.89041
5006000,09.23962,48.88798
5006001,09.10843,48.71775
5006002,09.11391,48.72698
5006004,09.11263,48.72997
5006006,09.11384,48.72532
5006007,09.10535,48.71479
5006008,09.10635,48.74438
5006009,09.13024,48.74009
5006010,09.13462,48.74517
5006011,09.10024,48.73381
5006012,09.11656,48.72980
5006013,09.10618,48.72282
5006014,09.10634,48.71809
5006015,09.10018,48.72512
5006016,09.09462,48.72375
5006017,09.15997,48.76287
5006018,09.10023,48.74029
5006019,09.16811,48.76436
5006020,09.17580,48.77064
5006021,09.10729,48.74577
5006022,09.17907,48.77896
5006023,09.18195,48.77524
5006024,09.18710,48.78258
5006026,09.11632,48.72326
5006027,09.11675,48.73765
5006038,09.27019,48.81343
5006039,09.27558,48.81183
5006040,09.27686,48.80910
5006041,09.27735,48.81187
5006042,09.27555,48.81374
5006043,09.03205,48.70351
5006045,09.01702,48.81620
5006046,09.47416,48.95730
5006049,09.01272,48.81817
5006050,09.01759,48.81832
5006051,09.02193,48.81622
5006052,09.15646,48.77018
5006054,09.01376,48.80702
5006055,09.01587,48.80351
5006056,09.17297,48.77639
5006060,09.20774,48.78624
5006068,09.16347,48.78387
5006069,09.15609,48.77386
5006070,09.15834,48.78173
5006071,09.16128,48.78438
5006072,09.16535,48.78158
5006073,09.16792,48.77840
5006074,09.17988,48.77376
5006075,09.18295,48.77592
5006078,09.21289,48.78454
5006080,09.24131,48.79206
5006085,09.25047,48.77985
5006091,09.26830,48.76158
5006098,09.15941,48.75717
5006099,09.15961,48.75992
5006100,09.15953,48.75692
5006101,09.16267,48.76162
5006102,09.14547,48.75183
5006105,09.16285,48.83648
5006109,09.17395,48.82752
5006112,09.18114,48.78311
5006113,09.18335,48.80948
5006114,09.18346,48.80386
5006115,09.18279,48.78488
5006116,09.18113,48.79056
5006118,09.17985,48.78298
5006119,09.18599,48.77417
5006121,09.19039,48.77782
5006122,09.19265,48.77889
5006127,09.20020,48.76159
5006128,09.19478,48.75344
5006130,09.21846,48.74140
5006133,09.22732,48.73985
5006134,09.21308,48.74449
5006135,09.22066,48.73773
5006136,09.22024,48.74039
5006147,09.10847,48.81755
5006149,09.11271,48.81363
5006155,09.15640,48.80873
5006157,09.16924,48.81384
5006160,09.18323,48.76762
5006163,09.16724,48.74822
5006164,09.15558,48.74666
5006165,09.16872,48.74884
5006166,09.15988,48.74413
5006167,09.15354,48.74111
5006168,09.15054,48.73303
5006169,09.14680,48.73050
5006171,09.14163,48.71680
5006172,09.14435,48.72024
5006173,09.14364,48.71759
5006179,09.15776,48.81323
5006180,09.15889,48.81156
5006184,09.16980,48.74875
5006200,09.08139,48.73044
5006201,09.10280,48.73006
5006202,09.08731,48.73179
5006203,09.07815,48.72630
5006206,09.15572,48.77506
5006210,09.12667,48.77928
5006213,09.13428,48.77408
5006214,09.13699,48.77412
5006219,09.16239,48.77639
5006221,09.16606,48.77271
5006223,09.21768,48.78711
5006249,09.14508,48.76932
5006250,09.14508,48.76932
5006253,09.21044,48.80549
5006261,09.18880,48.80770
5006268,09.17558,48.83150
5006269,09.19987,48.84281
5006270,09.23084,48.84141
5006271,09.22988,48.84315
5006272,09.22729,48.84575
5006273,09.21660,48.83298
5006274,09.22942,48.83354
5006275,09.22215,48.83160
5006276,09.23874,48.83482
5006286,09.21206,48.83878
5006287,09.21150,48.84413
5006288,09.21813,48.84443
5006291,09.19553,48.83390
5006292,09.19208,48.83234
5006293,09.18526,48.83049
5006294,09.17572,48.82970
5006295,09.18716,48.80399
5006296,09.19006,48.79290
5006320,09.23504,48.81503
5006328,09.23152,48.79069
5006330,09.22567,48.79354
5006332,09.21576,48.80277
5006333,09.21660,48.80150
5006334,09.21537,48.80341
5006340,09.17154,48.74994
5006351,09.16751,48.72413
5006352,09.16586,48.72039
5006353,09.16763,48.72225
5006423,09.16680,48.81760
5006462,09.15174,48.83513
5006464,09.16186,48.83059
5006465,09.16716,48.82961
5006466,09.15221,48.85324
5006467,09.16556,48.82898
5006468,08.96282,48.88073
5006470,08.88170,48.75782
5006471,08.88647,48.75800
5006472,08.88422,48.75642
5006473,08.88117,48.75500
5006474,08.87841,48.75265
5006477,08.86094,48.75269
5006490,09.03108,48.83757
5006491,09.04612,48.83338
5006492,09.04467,48.83916
5006493,09.07789,48.83042
5006494,09.48377,48.74940
5006495,09.45589,48.70847
5006496,09.46623,48.71102
5006498,09.46590,48.70926
5006499,09.46372,48.71605
5006500,09.27060,48.82023
5006501,09.51107,48.77832
5006502,09.50454,48.76894
5006503,09.12219,48.77868
5006504,09.44457,48.71216
5006505,08.99533,48.78672
5006506,09.01551,48.64499
5006507,09.43024,48.92333
5006509,09.47128,48.92697
5006511,09.14910,48.77208
5006512,09.54075,48.84260
5006513,09.02043,48.92627
5006514,09.02600,48.92805
5006515,09.20905,49.01150
5006516,09.21115,49.01417
5006517,09.02050,48.92880
5006518,09.39152,48.96504
5006521,09.26995,48.83465
5006523,09.48598,48.75412
5006524,09.19835,49.01375
5006554,09.20343,48.71068
5006555,09.20180,48.71032
5006567,09.17203,48.74083
5006568,09.17123,48.74238
5006570,09.16545,48.74260
5006571,09.16825,48.73357
5006572,09.16715,48.72975
5006580,09.16358,48.71379
5006627,09.55662,48.80832
5006629,09.57648,48.81075
5006631,09.41817,48.94878
5006632,09.39592,48.94724
5006633,09.37417,48.82971
5006634,09.34654,48.82405
5006636,09.35310,48.82403
5006637,09.34917,48.82529
5006638,09.34327,48.82409
5006639,09.14029,48.84101
5006640,09.72525,48.84413
5006641,09.71307,48.84642
5006642,09.69306,48.85463
5006643,09.67667,48.87802
5006644,09.69969,48.89318
5006645,09.67844,48.86898
5006647,09.66117,48.85734
5006648,09.70613,48.90666
5006651,09.35931,48.98991
5006652,09.34678,48.99955
5006656,09.37031,48.97983
5006659,09.44196,48.87957
5006660,09.38663,48.86720
5006661,09.38747,48.86078
5006662,09.38382,48.86471
5006663,09.42306,48.88774
5006664,09.42529,48.88613
5006665,09.40478,48.78800
5006666,09.45081,48.95351
5006667,09.48467,48.92048
5006668,09.72377,48.89555
5006669,09.71605,48.89475
5006671,09.63352,48.92935
5006672,09.43756,49.03291
5006674,09.63987,48.95764
5006675,09.52704,48.87333
5006676,09.32671,48.85310
5006677,09.32986,48.83758
5006680,09.51330,48.79642
5006682,09.58500,48.80939
5006683,09.59202,48.80061
5006684,09.59992,48.78927
5006685,09.63052,48.87000
5006686,09.63587,48.87730
5006687,09.44765,48.97717
5006688,09.44417,48.97503
5006689,09.56804,48.96438
5006690,09.56459,48.96606
5006691,09.57449,48.82296
5006692,09.57240,48.81846
5006693,09.52324,48.81168
5006694,09.57428,48.80974
5006695,09.57573,48.81286
5006696,09.57578,48.81557
5006697,09.57850,48.82142
5006698,09.57710,48.81855
5006699,09.57625,48.81881
5006700,09.10585,49.02288
5006701,09.01892,48.95544
5006703,09.33129,48.55516
5006707,09.33307,48.55753
5006708,09.22764,48.59388
5006709,09.28501,48.61767
5006710,09.41884,48.69021
5006713,09.47452,48.71374
5006715,09.47057,48.55021
5006716,09.06639,48.64884
5006717,09.10821,48.94284
5006718,09.19670,48.97453
5006719,09.10874,48.95894
5006720,09.09674,48.94403
5006721,09.11295,49.02932
5006722,09.42517,48.68449
5006723,09.42273,48.69233
5006724,09.42349,48.69555
5006726,09.42338,48.68908
5006727,09.19972,48.66028
5006728,09.19750,48.64631
5006729,09.10806,48.72986
5006730,09.19230,48.65338
5006732,08.84351,48.55730
5006733,09.00816,48.78886
5006734,08.99291,48.76332
5006735,09.19393,48.65681
5006736,09.19335,48.64732
5006739,08.77797,48.54236
5006742,09.01027,48.67726
5006743,09.00407,48.67744
5006744,09.01075,48.67967
5006746,08.98362,48.70264
5006748,08.90487,48.71673
5006749,08.90900,48.71682
5006751,09.00450,48.66974
5006752,08.91436,48.71451
5006754,08.91167,48.71513
5006756,08.91867,48.71428
5006758,09.35046,48.71703
5006759,09.35538,48.71646
5006763,09.32785,48.73806
5006765,09.36370,48.90205
5006766,09.13360,48.90577
5006767,09.37138,48.90041
5006768,09.36619,48.90028
5006769,09.36428,48.89949
5006770,09.30297,48.73373
5006772,09.45519,48.68814
5006773,09.51819,48.63347
5006775,09.37324,48.55053
5006776,09.36976,48.68844
5006777,09.36609,48.68730
5006778,09.37047,48.68477
5006779,09.37796,48.66744
5006782,09.71406,48.86509
5006784,09.68219,48.85308
5006792,09.08918,48.80681
5006794,09.09221,48.80302
5006796,09.51047,48.79792
5006797,09.71286,48.88969
5006798,09.39771,49.05032
5006800,09.23095,48.88859
5006806,09.37565,48.82800
5006807,09.18380,48.86985
5006809,09.17290,48.85271
5006810,09.21207,48.86671
5006811,09.16281,49.02134
5006812,09.15986,49.02527
5006813,09.16789,49.02253
5006814,09.02731,48.81651
5006815,09.02320,48.81679
5006816,09.00969,48.81720
5006817,09.00900,48.81425
5006818,09.22609,48.91189
5006820,09.26501,48.90538
5006821,09.29428,48.89790
5006822,09.27932,48.88384
5006823,09.28766,48.88351
5006824,09.28829,48.88656
5006825,09.28059,48.87617
5006826,09.26156,48.89240
5006827,09.26672,48.87326
5006828,09.25245,48.86472
5006829,09.24781,48.86152
5006830,09.00379,48.88891
5006831,08.99640,48.88847
5006832,09.25275,48.86245
5006833,09.23154,48.89243
5006834,09.20578,48.86608
5006835,09.19484,48.86645
5006836,08.96564,48.94002
5006837,09.36712,48.81343
5006838,09.36616,48.81479
5006839,09.36377,48.81443
5006840,09.11146,49.03625
5006841,09.27324,48.74059
5006842,09.27393,48.74115
5006843,09.35729,48.99362
5006844,09.47264,48.95392
5006845,09.42630,48.93023
5006846,09.31038,48.59069
5006847,09.22979,48.90879
5006848,09.23210,48.91036
5006849,08.94260,48.93749
5006850,08.91241,48.93572
5006852,09.27509,48.87061
5006853,09.28294,48.87236
5006854,09.27961,48.87065
5006855,09.11005,49.03415
5006856,09.33321,48.94180
5006858,09.34392,48.94237
5006859,09.34376,48.94574
5006860,09.26418,48.61152
5006861,09.34607,48.94426
5006863,09.49628,49.00093
5006873,09.34098,48.94163
5006874,09.46630,48.91079
5006875,09.39969,48.71100
5006876,09.39698,48.70891
5006877,09.39194,48.70933
5006878,09.40047,48.71311
5006879,09.37994,48.71083
5006880,09.39448,48.71218
5006881,09.40343,48.55365
5006882,09.21877,48.89582
5006883,09.22497,48.89614
5006884,09.42636,48.94328
5006885,09.13409,48.92565
5006886,09.12980,48.92506
5006887,09.12853,48.92142
5006888,09.08323,48.90577
5006889,08.82933,48.59109
5006890,09.15450,49.03147
5006891,09.48811,48.79691
5006892,08.83063,48.55332
5006893,09.45422,48.85701
5006895,09.03389,48.79817
5006897,09.08394,48.80538
5006903,09.05768,48.79857
5006904,09.05766,48.79424
5006905,09.05597,48.79708
5006906,09.06579,48.78643
5006907,09.06947,48.78531
5006910,09.05917,48.79204
5006911,09.39257,48.88429
5006912,09.42410,48.96353
5006914,09.70382,48.89081
5006915,09.69017,48.90579
5006916,09.66566,48.92161
5006921,09.66211,48.97733
5006922,09.71281,48.88844
5006924,09.69765,48.90460
5006925,09.70585,48.91440
5006926,09.09235,48.88478
5006929,09.07401,48.95775
5006930,09.03875,48.86530
5006931,08.81501,48.57171
5006932,09.04775,48.86317
5006933,09.42442,48.96110
5006934,09.02881,48.92628
5006935,09.46441,48.94406
5006936,09.42122,48.94857
5006937,09.43004,48.95817
5006938,09.42091,48.95633
5006940,09.17586,48.93964
5006942,09.67461,48.85048
5006943,09.65044,48.92741
5006944,09.06141,48.95438
5006946,09.14713,48.90813
5006947,09.13343,48.90178
5006948,09.13687,48.90237
5006949,08.99937,48.88689
5006950,09.00511,48.88348
5006951,09.00219,48.88668
5006952,08.99745,48.88919
5006953,08.98202,48.91627
5006954,09.31755,48.81189
5006955,08.97502,48.91574
5006956,09.31737,48.58827
5006957,09.07850,48.87195
5006958,09.08515,48.87191
5006961,09.01809,48.96347
5006962,08.94153,48.89554
5006963,09.15341,48.99712
5006964,08.95362,48.97023
5006965,08.94132,48.91476
5006966,09.58815,49.01354
5006967,09.67440,48.84293
5006968,09.67401,48.84264
5006969,09.29758,48.73241
5006970,09.47939,48.73866
5006971,09.30168,49.00717
5006973,09.26554,48.87186
5006976,08.93918,48.99552
5006977,09.09667,48.89755
5006978,09.09886,48.90474
5006979,09.64556,48.86575
5006980,08.95393,48.93578
5006981,08.95026,48.93863
5006982,09.22307,48.87275
5006983,09.39206,48.86882
5006985,09.27051,48.90415
5006986,09.28577,48.98012
5006987,09.28071,48.97283
5006988,09.27266,48.97263
5006989,09.19459,48.83962
5006991,09.53684,48.79496
5006992,09.51493,48.80553
5006993,09.51217,48.80982
5006994,09.51788,48.81054
5006995,09.26369,48.97547
5006996,09.57883,49.03655
5006997,09.61293,48.85860
5006998,09.39568,48.71425
5006999,09.25088,48.95801
5007000,09.06708,48.82365
5007001,09.06792,48.81861
5007002,08.86917,48.60153
5007003,09.16938,48.69214
5007004,08.88214,48.59515
5007005,08.88273,48.59770
5007006,08.88631,48.59941
5007007,08.87126,48.60387
5007009,08.87453,48.60441
5007011,08.83003,48.65259
5007012,08.87539,48.59442
5007013,08.86600,48.59562
5007015,08.78850,48.56432
5007016,08.77459,48.57725
5007018,08.77908,48.53116
5007020,08.77542,48.53249
5007021,08.86147,48.59524
5007022,08.77830,48.56294
5007023,08.90754,48.58033
5007025,08.91610,48.58159
5007029,08.97234,48.71888
5007030,08.99468,48.78763
5007036,09.07549,48.59314
5007037,09.06212,48.62037
5007038,08.85117,48.59390
5007039,08.85341,48.59687
5007040,08.86144,48.58931
5007042,08.85549,48.58648
5007046,08.80641,48.52773
5007048,08.81967,48.64662
5007049,08.81967,48.64662
5007050,09.24909,48.70717
5007051,08.77008,48.53336
5007052,08.89482,48.64262
5007053,08.89337,48.63912
5007054,08.87141,48.59913
5007055,08.85979,48.59008
5007056,08.85796,48.58988
5007057,08.85578,48.58850
5007059,08.86035,48.58812
5007060,08.86352,48.59008
5007065,08.86951,48.60021
5007066,08.85812,48.59629
5007067,08.85019,48.59595
5007068,08.84651,48.59400
5007069,08.84890,48.59274
5007070,09.37684,48.55535
5007071,08.83481,48.58036
5007072,08.84056,48.65248
5007073,08.89368,48.63661
5007076,08.85391,48.59378
5007081,09.38222,48.55061
5007082,09.37916,48.54892
5007083,09.04922,48.95189
5007084,09.04411,48.95270
5007085,09.13528,48.99365
5007086,09.13436,48.99254
5007087,09.13660,48.99134
5007089,09.27004,48.59621
5007090,09.30598,48.83722
5007091,09.30763,48.83710
5007092,09.31158,48.83700
5007093,09.31025,48.82557
5007094,09.31364,48.82469
5007095,09.31673,48.82545
5007096,09.34967,48.94326
5007097,09.33721,48.94461
5007098,08.90629,48.77994
5007100,09.00483,48.68792
5007101,09.16697,48.69734
5007102,09.13862,48.69967
5007103,09.13808,48.69357
5007104,09.12722,48.67812
5007105,09.12960,48.69244
5007106,09.12014,48.65976
5007108,09.12272,48.66535
5007111,09.12567,48.66846
5007112,09.12678,48.67818
5007115,08.98320,48.67941
5007140,09.06414,48.80015
5007141,09.06283,48.79846
5007173,09.14299,48.70723
5007176,09.14563,48.69237
5007177,09.14243,48.68700
5007178,09.16681,48.68785
5007179,09.16619,48.68528
5007181,09.18160,48.69222
5007182,09.18404,48.69049
5007185,09.15293,48.69058
5007186,09.16024,48.69096
5007201,09.05090,48.70353
5007202,08.86795,48.58491
5007203,08.77214,48.52996
5007204,08.76889,48.53212
5007205,09.22015,49.00229
5007206,09.29371,48.73554
5007301,09.00355,48.79952
5007302,08.93253,48.77510
5007304,09.00843,48.78650
5007400,09.14798,48.90726
5007401,09.18359,48.89217
5007402,09.18546,48.89185
5007403,09.18067,48.90957
5007404,09.12517,48.92182
5007405,09.13349,48.95926
5007406,09.09702,48.94562
5007407,09.14846,48.95472
5007408,09.15416,48.95561
5007409,09.45655,48.61305
5007410,09.42476,48.68084
5007413,09.30640,48.58946
5007414,09.15623,48.95391
5007415,09.00788,48.95932
5007416,08.98011,48.91452
5007417,09.01633,48.95903
5007419,09.17624,48.89801
5007421,09.01268,48.96084
5007422,09.11210,48.93879
5007423,09.10452,49.00472
5007424,09.10355,48.93974
5007425,09.09848,48.93987
5007426,09.09599,48.94154
5007427,09.09307,48.94184
5007428,09.09084,48.94234
5007429,09.09232,48.94376
5007430,09.10650,48.94607
5007431,09.10251,48.94692
5007432,09.21601,48.90180
5007433,09.20707,48.89279
5007434,09.19794,48.89492
5007435,09.20841,48.89574
5007436,09.20743,48.88941
5007437,09.42023,48.92552
5007438,09.21845,48.88052
5007440,09.14189,48.96274
5007441,09.13957,48.96458
5007442,09.38332,48.74785
5007445,09.41585,48.90181
5007447,09.16739,48.90498
5007448,08.98275,48.91706
5007449,09.42687,49.03687
5007450,09.14270,48.97023
5007451,09.22052,48.91874
5007452,09.44241,48.97376
5007454,09.22813,48.89742
5007455,09.42207,48.88776
5007456,09.41954,48.88825
5007457,09.49967,48.95312
5007500,09.36932,48.92827
5007502,09.32891,48.93923
5007503,09.26461,48.94377
5007504,09.52089,49.05701
5007505,09.54047,49.05557
5007506,09.58742,49.04602
5007507,09.53398,49.03568
5007508,09.53979,49.02567
5007509,09.53903,49.02409
5007510,09.54097,49.02099
5007511,09.54484,49.01219
5007512,09.43279,48.95090
5007513,09.43499,48.94373
5007514,09.53405,49.04259
5007515,09.59364,49.03200
5007516,09.19426,48.89354
5007518,09.58514,49.04151
5007519,09.60226,49.02159
5007520,09.64197,48.88266
5007521,09.64948,48.88077
5007522,09.67215,48.86487
5007523,09.63755,48.85317
5007524,09.59632,48.86456
5007525,09.58753,48.87154
5007526,09.56668,48.87239
5007527,09.59831,48.87738
5007528,09.60647,48.86974
5007529,09.52754,48.88186
5007530,09.62157,48.92808
5007531,09.68428,48.94970
5007533,09.59218,48.92852
5007534,09.59575,48.93343
5007535,09.60138,48.91806
5007536,09.64854,48.89478
5007538,09.59799,49.02977
5007539,09.67931,48.93085
5007540,09.67506,48.92360
5007541,09.66739,48.91295
5007542,09.63957,48.92705
5007545,09.32238,48.84641
5007547,09.32246,48.85475
5007548,09.32574,48.86139
5007549,09.31283,48.89371
5007550,09.31589,48.89278
5007551,09.31858,48.89295
5007554,09.21078,48.89952
5007555,09.21430,48.90402
5007556,09.22574,48.88864
5007560,09.17720,48.93520
5007562,09.16880,48.89299
5007563,09.18624,48.89618
5007564,09.11276,49.00099
5007565,09.11498,48.99797
5007566,09.49894,49.07420
5007567,09.54381,48.89172
5007568,09.57178,48.88404
5007569,09.52685,48.81004
5007570,09.51005,48.80518
5007572,09.32247,48.69456
5007574,09.49683,48.94379
5007575,09.53112,48.81594
5007576,09.53733,48.81738
5007577,09.38093,48.67018
5007578,09.39713,48.66353
5007579,08.95682,48.95478
5007580,09.45286,49.05215
5007581,09.43322,49.02088
5007582,09.63370,48.87368
5007583,09.47593,48.54616
5007584,09.47577,48.54546
5007585,09.13421,48.95271
5007589,09.47593,48.54616
5007592,09.62918,48.86028
5007593,09.63212,48.86773
5007594,09.52990,48.88206
5007596,09.31597,48.86609
5007597,09.32455,48.85059
5007598,09.08989,49.00252
5007599,09.45714,48.95216
5007600,09.42614,48.94269
5007601,09.41976,48.92607
5007603,09.12115,48.82648
5007604,09.30045,48.82629
5007605,09.39221,48.87960
5007606,09.11243,48.83026
5007607,09.09577,48.84980
5007701,09.31915,48.81559
5007703,09.52565,48.80712
5007704,09.37003,48.81320
5007711,09.66042,48.92549
5007712,09.60812,48.93387
5007713,09.61534,48.93054
5007714,09.62645,48.93718
5007715,09.62087,48.93759
5007716,09.66671,48.90230
5007717,09.67377,48.90427
5007718,09.69535,48.92521
5007719,09.69710,48.91846
5007720,09.67485,48.91319
5007721,09.68192,48.90637
5007722,09.69492,48.90029
5007723,09.70056,48.90039
5007724,09.59257,48.92756
5007725,09.60869,48.92740
5007726,09.59298,48.90822
5007727,09.60290,48.91629
5007728,09.59778,48.88757
5007729,09.60067,48.89781
5007730,09.59286,48.89913
5007731,09.59763,48.92425
5007732,09.59933,48.91680
5007733,09.66459,48.92034
5007734,09.67021,48.91501
5007735,09.43031,48.95049
5007800,09.30056,48.73858
5007801,09.30137,48.73887
5007802,09.41052,48.71299
5007805,09.33325,48.57815
5007807,08.90280,48.77319
5007811,08.98594,48.97906
5007812,08.95483,48.96700
5007913,09.16299,48.83703
5007920,08.84301,48.55879
5007921,09.00324,48.68821
5007922,08.98992,48.68922
5007923,09.17676,48.87581
5007934,09.45501,48.76305
5007935,09.45279,48.75971
5007940,09.11342,48.85009
5024319,09.19577,48.59767
5026352,09.09780,48.60513
5026353,09.10118,48.60765
5026354,09.10052,48.60844
5026356,09.09405,48.60637
5026362,09.09789,48.60955
5028280,09.30817,48.56662
5028288,09.29951,48.56367
5029044,09.18457,48.59029
5032304,09.31302,49.04159
5032310,09.31159,49.04451
5032322,09.31577,49.03962
5032323,09.32129,49.03838
5032324,09.32991,49.03919
5033001,09.63841,48.78892
5033002,09.69584,48.79784
5033309,09.70265,48.81752
5033310,09.70490,48.79990
5033334,09.66010,48.79812
5033335,09.65640,48.80845
5033336,09.66261,48.80344
5033337,09.65018,48.81284
5033350,09.69896,48.80131
5033399,09.70218,48.82191
